{"v":"5.7.3","fr":30,"ip":0,"op":140,"w":856,"h":501,"nm":"girl","ddd":0,"assets":[{"id":"comp_0","layers":[{"ddd":0,"ind":1,"ty":4,"nm":"line-up","sr":1,"ks":{"o":{"a":0,"k":100,"ix":11},"r":{"a":0,"k":0,"ix":10},"p":{"a":0,"k":[428,250.5,0],"ix":2},"a":{"a":0,"k":[0,0,0],"ix":1},"s":{"a":0,"k":[100,100,100],"ix":6}},"ao":0,"shapes":[{"ty":"gr","it":[{"ind":0,"ty":"sh","ix":1,"ks":{"a":0,"k":{"i":[[0,0],[0,0]],"o":[[0,0],[0,0]],"v":[[-184.75,-214.5],[-103.25,-214.5]],"c":false},"ix":2},"nm":"Path 1","mn":"ADBE Vector Shape - Group","hd":false},{"ty":"st","c":{"a":0,"k":[1,1,1,1],"ix":3},"o":{"a":0,"k":100,"ix":4},"w":{"a":0,"k":2,"ix":5},"lc":1,"lj":1,"ml":4,"bm":0,"nm":"Stroke 1","mn":"ADBE Vector Graphic - Stroke","hd":false},{"ty":"tr","p":{"a":0,"k":[0,0],"ix":2},"a":{"a":0,"k":[0,0],"ix":1},"s":{"a":0,"k":[100,100],"ix":3},"r":{"a":0,"k":0,"ix":6},"o":{"a":0,"k":100,"ix":7},"sk":{"a":0,"k":0,"ix":4},"sa":{"a":0,"k":0,"ix":5},"nm":"Transform"}],"nm":"Shape 1","np":3,"cix":2,"bm":0,"ix":1,"mn":"ADBE Vector Group","hd":false},{"ty":"tm","s":{"a":1,"k":[{"i":{"x":[0.667],"y":[1]},"o":{"x":[0.333],"y":[0]},"t":0,"s":[0]},{"t":21,"s":[0]}],"ix":1},"e":{"a":1,"k":[{"i":{"x":[0.667],"y":[1]},"o":{"x":[0.333],"y":[0]},"t":10,"s":[0]},{"t":21,"s":[100]}],"ix":2},"o":{"a":0,"k":0,"ix":3},"m":1,"ix":2,"nm":"Trim Paths 1","mn":"ADBE Vector Filter - Trim","hd":false}],"ip":0,"op":420,"st":0,"bm":0},{"ddd":0,"ind":2,"ty":4,"nm":"line-d","sr":1,"ks":{"o":{"a":0,"k":100,"ix":11},"r":{"a":0,"k":0,"ix":10},"p":{"a":0,"k":[428,250.5,0],"ix":2},"a":{"a":0,"k":[0,0,0],"ix":1},"s":{"a":0,"k":[100,100,100],"ix":6}},"ao":0,"shapes":[{"ty":"gr","it":[{"ind":0,"ty":"sh","ix":1,"ks":{"a":0,"k":{"i":[[0,0],[0,0]],"o":[[0,0],[0,0]],"v":[[-184.75,-205.25],[-139.5,-205.25]],"c":false},"ix":2},"nm":"Path 1","mn":"ADBE Vector Shape - Group","hd":false},{"ty":"st","c":{"a":0,"k":[1,1,1,1],"ix":3},"o":{"a":0,"k":100,"ix":4},"w":{"a":0,"k":2,"ix":5},"lc":1,"lj":1,"ml":4,"bm":0,"nm":"Stroke 1","mn":"ADBE Vector Graphic - Stroke","hd":false},{"ty":"tr","p":{"a":0,"k":[0,0],"ix":2},"a":{"a":0,"k":[0,0],"ix":1},"s":{"a":0,"k":[100,100],"ix":3},"r":{"a":0,"k":0,"ix":6},"o":{"a":0,"k":100,"ix":7},"sk":{"a":0,"k":0,"ix":4},"sa":{"a":0,"k":0,"ix":5},"nm":"Transform"}],"nm":"Shape 1","np":3,"cix":2,"bm":0,"ix":1,"mn":"ADBE Vector Group","hd":false},{"ty":"tm","s":{"a":1,"k":[{"i":{"x":[0.667],"y":[1]},"o":{"x":[0.333],"y":[0]},"t":7,"s":[0]},{"t":25,"s":[0]}],"ix":1},"e":{"a":1,"k":[{"i":{"x":[0.667],"y":[1]},"o":{"x":[0.333],"y":[0]},"t":17,"s":[0]},{"t":25,"s":[100]}],"ix":2},"o":{"a":0,"k":0,"ix":3},"m":1,"ix":2,"nm":"Trim Paths 1","mn":"ADBE Vector Filter - Trim","hd":false}],"ip":6,"op":426,"st":6,"bm":0}]},{"id":"comp_1","layers":[{"ddd":0,"ind":1,"ty":4,"nm":"Shape Layer 1","sr":1,"ks":{"o":{"a":0,"k":100,"ix":11},"r":{"a":0,"k":0,"ix":10},"p":{"a":0,"k":[424,246.5,0],"ix":2},"a":{"a":0,"k":[0,0,0],"ix":1},"s":{"a":0,"k":[100,100,100],"ix":6}},"ao":0,"shapes":[{"d":1,"ty":"el","s":{"a":0,"k":[316,316],"ix":2},"p":{"a":0,"k":[0,0],"ix":3},"nm":"Ellipse Path 1","mn":"ADBE Vector Shape - Ellipse","hd":false},{"ty":"st","c":{"a":0,"k":[0.992156863213,0.337254911661,0.192156866193,1],"ix":3},"o":{"a":0,"k":100,"ix":4},"w":{"a":0,"k":1.8,"ix":5},"lc":1,"lj":1,"ml":4,"bm":0,"nm":"Stroke 1","mn":"ADBE Vector Graphic - Stroke","hd":false},{"ty":"tm","s":{"a":1,"k":[{"i":{"x":[0.426],"y":[1]},"o":{"x":[0.716],"y":[0]},"t":30,"s":[100]},{"t":119,"s":[0]}],"ix":1},"e":{"a":1,"k":[{"i":{"x":[0.487],"y":[1]},"o":{"x":[0.62],"y":[0]},"t":0,"s":[100]},{"t":119,"s":[0]}],"ix":2},"o":{"a":0,"k":60,"ix":3},"m":1,"ix":3,"nm":"Trim Paths 1","mn":"ADBE Vector Filter - Trim","hd":false}],"ip":0,"op":309,"st":0,"bm":0},{"ddd":0,"ind":2,"ty":4,"nm":"Shape Layer 2","sr":1,"ks":{"o":{"a":0,"k":100,"ix":11},"r":{"a":0,"k":0,"ix":10},"p":{"a":1,"k":[{"i":{"x":0.491,"y":1},"o":{"x":0.678,"y":0},"t":40,"s":[545.703,149.059,0],"to":[-11.019,-23.191,0],"ti":[-21.893,26.492,0]},{"i":{"x":0.015,"y":1},"o":{"x":0.597,"y":0},"t":77,"s":[556.75,90.75,0],"to":[116.916,-92.63,0],"ti":[0,1.667,0]},{"t":119,"s":[586.75,-29.25,0]}],"ix":2},"a":{"a":0,"k":[0,0,0],"ix":1},"s":{"a":1,"k":[{"i":{"x":[0.491,0.491,0.667],"y":[1,1,1]},"o":{"x":[0.678,0.678,0.333],"y":[0,0,0]},"t":40,"s":[0,0,100]},{"i":{"x":[0.015,0.015,0.667],"y":[1,1,1]},"o":{"x":[0.597,0.597,0.333],"y":[0,0,0]},"t":77,"s":[100,100,100]},{"t":119,"s":[140,140,100]}],"ix":6}},"ao":0,"shapes":[{"d":1,"ty":"el","s":{"a":0,"k":[24,24],"ix":2},"p":{"a":0,"k":[0,0],"ix":3},"nm":"Ellipse Path 1","mn":"ADBE Vector Shape - Ellipse","hd":false},{"ty":"st","c":{"a":0,"k":[0.992156863213,0.337254911661,0.192156866193,1],"ix":3},"o":{"a":0,"k":100,"ix":4},"w":{"a":0,"k":1.8,"ix":5},"lc":1,"lj":1,"ml":4,"bm":0,"nm":"Stroke 1","mn":"ADBE Vector Graphic - Stroke","hd":false}],"ip":0,"op":309,"st":0,"bm":0},{"ddd":0,"ind":3,"ty":4,"nm":"404/girl Outlines 2","sr":1,"ks":{"o":{"a":0,"k":100,"ix":11},"r":{"a":0,"k":0,"ix":10},"p":{"a":0,"k":[428,250.5,0],"ix":2},"a":{"a":0,"k":[428,250.5,0],"ix":1},"s":{"a":0,"k":[100,100,100],"ix":6}},"ao":0,"shapes":[{"ty":"gr","it":[{"ind":0,"ty":"sh","ix":1,"ks":{"a":0,"k":{"i":[[-54.192,54.094],[54.193,54.094],[54.193,-54.092],[-54.192,-54.092]],"o":[[54.193,-54.092],[-54.192,-54.092],[-54.192,54.094],[54.193,54.094]],"v":[[98.123,97.942],[98.123,-97.944],[-98.124,-97.944],[-98.124,97.942]],"c":true},"ix":2},"nm":"Path 1","mn":"ADBE Vector Shape - Group","hd":false},{"ty":"fl","c":{"a":0,"k":[1,1,1,1],"ix":4},"o":{"a":0,"k":100,"ix":5},"r":1,"bm":0,"nm":"Fill 1","mn":"ADBE Vector Graphic - Fill","hd":false},{"ty":"tr","p":{"a":0,"k":[423.712,247.661],"ix":2},"a":{"a":0,"k":[0,0],"ix":1},"s":{"a":0,"k":[100,100],"ix":3},"r":{"a":0,"k":0,"ix":6},"o":{"a":0,"k":100,"ix":7},"sk":{"a":0,"k":0,"ix":4},"sa":{"a":0,"k":0,"ix":5},"nm":"Transform"}],"nm":"Group 2","np":4,"cix":2,"bm":0,"ix":1,"mn":"ADBE Vector Group","hd":false},{"ty":"gr","it":[{"ind":0,"ty":"sh","ix":1,"ks":{"a":0,"k":{"i":[[0,0],[0,0],[0,0]],"o":[[0,0],[0,0],[0,0]],"v":[[13.258,23.175],[13.258,-55.015],[-43.003,23.175]],"c":true},"ix":2},"nm":"Path 1","mn":"ADBE Vector Shape - Group","hd":false},{"ind":1,"ty":"sh","ix":2,"ks":{"a":0,"k":{"i":[[0,0],[0,0],[0,0],[0,0],[0,0],[0,0],[0,0],[0,0],[0,0],[0,0],[0,0],[0,0]],"o":[[0,0],[0,0],[0,0],[0,0],[0,0],[0,0],[0,0],[0,0],[0,0],[0,0],[0,0],[0,0]],"v":[[13.258,83.902],[-112.724,83.902],[-118.781,28.415],[-3.432,-130.251],[87.152,-130.251],[87.152,23.175],[118.781,23.175],[118.781,83.902],[87.152,83.902],[87.152,130.251],[13.393,130.251],[13.393,83.902]],"c":true},"ix":2},"nm":"Path 2","mn":"ADBE Vector Shape - Group","hd":false},{"ty":"mm","mm":1,"nm":"Merge Paths 1","mn":"ADBE Vector Filter - Merge","hd":false},{"ty":"fl","c":{"a":0,"k":[1,1,1,1],"ix":4},"o":{"a":0,"k":100,"ix":5},"r":1,"bm":0,"nm":"Fill 1","mn":"ADBE Vector Graphic - Fill","hd":false},{"ty":"tr","p":{"a":0,"k":[711.406,249.431],"ix":2},"a":{"a":0,"k":[0,0],"ix":1},"s":{"a":0,"k":[100,100],"ix":3},"r":{"a":0,"k":0,"ix":6},"o":{"a":0,"k":100,"ix":7},"sk":{"a":0,"k":0,"ix":4},"sa":{"a":0,"k":0,"ix":5},"nm":"Transform"}],"nm":"Group 3","np":4,"cix":2,"bm":0,"ix":2,"mn":"ADBE Vector Group","hd":false},{"ty":"gr","it":[{"ind":0,"ty":"sh","ix":1,"ks":{"a":0,"k":{"i":[[0,0],[0,0],[0,0]],"o":[[0,0],[0,0],[0,0]],"v":[[13.258,23.175],[13.258,-55.015],[-43.004,23.175]],"c":true},"ix":2},"nm":"Path 1","mn":"ADBE Vector Shape - Group","hd":false},{"ind":1,"ty":"sh","ix":2,"ks":{"a":0,"k":{"i":[[0,0],[0,0],[0,0],[0,0],[0,0],[0,0],[0,0],[0,0],[0,0],[0,0],[0,0]],"o":[[0,0],[0,0],[0,0],[0,0],[0,0],[0,0],[0,0],[0,0],[0,0],[0,0],[0,0]],"v":[[13.258,83.902],[-112.725,83.902],[-118.781,28.549],[-3.432,-130.251],[87.151,-130.251],[87.151,23.175],[118.781,23.175],[118.781,83.902],[87.151,83.902],[87.151,130.251],[13.258,130.251]],"c":true},"ix":2},"nm":"Path 2","mn":"ADBE Vector Shape - Group","hd":false},{"ty":"mm","mm":1,"nm":"Merge Paths 1","mn":"ADBE Vector Filter - Merge","hd":false},{"ty":"fl","c":{"a":0,"k":[1,1,1,1],"ix":4},"o":{"a":0,"k":100,"ix":5},"r":1,"bm":0,"nm":"Fill 1","mn":"ADBE Vector Graphic - Fill","hd":false},{"ty":"tr","p":{"a":0,"k":[138.969,249.432],"ix":2},"a":{"a":0,"k":[0,0],"ix":1},"s":{"a":0,"k":[100,100],"ix":3},"r":{"a":0,"k":0,"ix":6},"o":{"a":0,"k":100,"ix":7},"sk":{"a":0,"k":0,"ix":4},"sa":{"a":0,"k":0,"ix":5},"nm":"Transform"}],"nm":"Group 4","np":4,"cix":2,"bm":0,"ix":3,"mn":"ADBE Vector Group","hd":false},{"ty":"st","c":{"a":0,"k":[0.937254905701,0.92549020052,0.952941179276,1],"ix":3},"o":{"a":0,"k":100,"ix":4},"w":{"a":0,"k":2,"ix":5},"lc":2,"lj":1,"ml":4,"bm":0,"nm":"Stroke 1","mn":"ADBE Vector Graphic - Stroke","hd":false}],"ip":0,"op":309,"st":0,"bm":0},{"ddd":0,"ind":4,"ty":4,"nm":"shadow","sr":1,"ks":{"o":{"a":0,"k":50,"ix":11},"r":{"a":0,"k":0,"ix":10},"p":{"a":0,"k":[438,264.5,0],"ix":2},"a":{"a":0,"k":[428,250.5,0],"ix":1},"s":{"a":0,"k":[100,100,100],"ix":6}},"ao":0,"shapes":[{"ty":"gr","it":[{"ind":0,"ty":"sh","ix":1,"ks":{"a":0,"k":{"i":[[-54.192,54.094],[54.193,54.094],[54.193,-54.092],[-54.192,-54.092]],"o":[[54.193,-54.092],[-54.192,-54.092],[-54.192,54.094],[54.193,54.094]],"v":[[98.123,97.942],[98.123,-97.944],[-98.124,-97.944],[-98.124,97.942]],"c":true},"ix":2},"nm":"Path 1","mn":"ADBE Vector Shape - Group","hd":false},{"ty":"tr","p":{"a":0,"k":[423.712,247.661],"ix":2},"a":{"a":0,"k":[0,0],"ix":1},"s":{"a":0,"k":[100,100],"ix":3},"r":{"a":0,"k":0,"ix":6},"o":{"a":0,"k":100,"ix":7},"sk":{"a":0,"k":0,"ix":4},"sa":{"a":0,"k":0,"ix":5},"nm":"Transform"}],"nm":"Group 2","np":3,"cix":2,"bm":0,"ix":1,"mn":"ADBE Vector Group","hd":false},{"ty":"gr","it":[{"ind":0,"ty":"sh","ix":1,"ks":{"a":0,"k":{"i":[[0,0],[0,0],[0,0]],"o":[[0,0],[0,0],[0,0]],"v":[[13.258,23.175],[13.258,-55.015],[-43.003,23.175]],"c":true},"ix":2},"nm":"Path 1","mn":"ADBE Vector Shape - Group","hd":false},{"ind":1,"ty":"sh","ix":2,"ks":{"a":0,"k":{"i":[[0,0],[0,0],[0,0],[0,0],[0,0],[0,0],[0,0],[0,0],[0,0],[0,0],[0,0],[0,0]],"o":[[0,0],[0,0],[0,0],[0,0],[0,0],[0,0],[0,0],[0,0],[0,0],[0,0],[0,0],[0,0]],"v":[[13.258,83.902],[-112.724,83.902],[-118.781,28.415],[-3.432,-130.251],[87.152,-130.251],[87.152,23.175],[118.781,23.175],[118.781,83.902],[87.152,83.902],[87.152,130.251],[13.393,130.251],[13.393,83.902]],"c":true},"ix":2},"nm":"Path 2","mn":"ADBE Vector Shape - Group","hd":false},{"ty":"mm","mm":1,"nm":"Merge Paths 1","mn":"ADBE Vector Filter - Merge","hd":false},{"ty":"tr","p":{"a":0,"k":[711.406,249.431],"ix":2},"a":{"a":0,"k":[0,0],"ix":1},"s":{"a":0,"k":[100,100],"ix":3},"r":{"a":0,"k":0,"ix":6},"o":{"a":0,"k":100,"ix":7},"sk":{"a":0,"k":0,"ix":4},"sa":{"a":0,"k":0,"ix":5},"nm":"Transform"}],"nm":"Group 3","np":3,"cix":2,"bm":0,"ix":2,"mn":"ADBE Vector Group","hd":false},{"ty":"gr","it":[{"ind":0,"ty":"sh","ix":1,"ks":{"a":0,"k":{"i":[[0,0],[0,0],[0,0]],"o":[[0,0],[0,0],[0,0]],"v":[[13.258,23.175],[13.258,-55.015],[-43.004,23.175]],"c":true},"ix":2},"nm":"Path 1","mn":"ADBE Vector Shape - Group","hd":false},{"ind":1,"ty":"sh","ix":2,"ks":{"a":0,"k":{"i":[[0,0],[0,0],[0,0],[0,0],[0,0],[0,0],[0,0],[0,0],[0,0],[0,0],[0,0]],"o":[[0,0],[0,0],[0,0],[0,0],[0,0],[0,0],[0,0],[0,0],[0,0],[0,0],[0,0]],"v":[[13.258,83.902],[-112.725,83.902],[-118.781,28.549],[-3.432,-130.251],[87.151,-130.251],[87.151,23.175],[118.781,23.175],[118.781,83.902],[87.151,83.902],[87.151,130.251],[13.258,130.251]],"c":true},"ix":2},"nm":"Path 2","mn":"ADBE Vector Shape - Group","hd":false},{"ty":"mm","mm":1,"nm":"Merge Paths 1","mn":"ADBE Vector Filter - Merge","hd":false},{"ty":"tr","p":{"a":0,"k":[138.969,249.432],"ix":2},"a":{"a":0,"k":[0,0],"ix":1},"s":{"a":0,"k":[100,100],"ix":3},"r":{"a":0,"k":0,"ix":6},"o":{"a":0,"k":100,"ix":7},"sk":{"a":0,"k":0,"ix":4},"sa":{"a":0,"k":0,"ix":5},"nm":"Transform"}],"nm":"Group 4","np":3,"cix":2,"bm":0,"ix":3,"mn":"ADBE Vector Group","hd":false},{"ty":"fl","c":{"a":0,"k":[0.588235294118,0.56862745098,0.643137254902,1],"ix":4},"o":{"a":0,"k":50,"ix":5},"r":1,"bm":0,"nm":"Fill 1","mn":"ADBE Vector Graphic - Fill","hd":false}],"ip":0,"op":309,"st":0,"bm":0}]}],"layers":[{"ddd":0,"ind":1,"ty":0,"nm":"message","parent":2,"refId":"comp_0","sr":1,"ks":{"o":{"a":0,"k":100,"ix":11},"r":{"a":0,"k":0,"ix":10},"p":{"a":0,"k":[428,250.5,0],"ix":2},"a":{"a":0,"k":[428,250.5,0],"ix":1},"s":{"a":0,"k":[100,100,100],"ix":6}},"ao":0,"w":856,"h":501,"ip":41,"op":461,"st":41,"bm":0},{"ddd":0,"ind":2,"ty":4,"nm":"messsage Outlines","parent":10,"sr":1,"ks":{"o":{"a":0,"k":100,"ix":11},"r":{"a":0,"k":-7,"ix":10},"p":{"a":0,"k":[283.037,77.205,0],"ix":2},"a":{"a":0,"k":[285.97,68.708,0],"ix":1},"s":{"a":1,"k":[{"i":{"x":[0.344,0.729,0.667],"y":[1,1.372,1]},"o":{"x":[0.787,0.726,0.333],"y":[0,0,0]},"t":30,"s":[100,0,100]},{"i":{"x":[0.344,0.729,0.667],"y":[1,1,1]},"o":{"x":[0.167,0.167,0.167],"y":[0,0,0]},"t":45,"s":[100,100,100]},{"i":{"x":[0.667,0.667,0.667],"y":[1,1,1]},"o":{"x":[0.167,0.167,0.167],"y":[0,0,0]},"t":101,"s":[100,100,100]},{"t":115,"s":[100,0,100]}],"ix":6}},"ao":0,"shapes":[{"ty":"gr","it":[{"ind":0,"ty":"sh","ix":1,"ks":{"a":0,"k":{"i":[[0,0],[0,0],[0,0]],"o":[[0,0],[0,0],[0,0]],"v":[[-10.322,-5.78],[-0.252,5.78],[10.322,-5.78]],"c":true},"ix":2},"nm":"Path 1","mn":"ADBE Vector Shape - Group","hd":false},{"ty":"fl","c":{"a":0,"k":[0.991999966491,0.337000020345,0.19199999641,1],"ix":4},"o":{"a":0,"k":100,"ix":5},"r":1,"bm":0,"nm":"Fill 1","mn":"ADBE Vector Graphic - Fill","hd":false},{"ty":"tr","p":{"a":0,"k":[286.222,62.928],"ix":2},"a":{"a":0,"k":[0,0],"ix":1},"s":{"a":0,"k":[100,100],"ix":3},"r":{"a":0,"k":0,"ix":6},"o":{"a":0,"k":100,"ix":7},"sk":{"a":0,"k":0,"ix":4},"sa":{"a":0,"k":0,"ix":5},"nm":"Transform"}],"nm":"Group 3","np":4,"cix":2,"bm":0,"ix":1,"mn":"ADBE Vector Group","hd":false},{"ty":"gr","it":[{"ind":0,"ty":"sh","ix":1,"ks":{"a":0,"k":{"i":[[2.182,0],[0,0],[0,2.179],[0,0],[-2.182,0],[0,0],[0,-2.178],[0,0]],"o":[[0,0],[-2.182,0],[0,0],[0,-2.178],[0,0],[2.182,0],[0,0],[0,2.179]],"v":[[50.436,19.349],[-50.434,19.349],[-54.295,15.496],[-54.295,-15.496],[-50.434,-19.349],[50.436,-19.349],[54.296,-15.496],[54.296,15.496]],"c":true},"ix":2},"nm":"Path 1","mn":"ADBE Vector Shape - Group","hd":false},{"ty":"fl","c":{"a":0,"k":[0.991999966491,0.337000020345,0.19199999641,1],"ix":4},"o":{"a":0,"k":100,"ix":5},"r":1,"bm":0,"nm":"Fill 1","mn":"ADBE Vector Graphic - Fill","hd":false},{"ty":"tr","p":{"a":0,"k":[286.222,41.316],"ix":2},"a":{"a":0,"k":[0,0],"ix":1},"s":{"a":0,"k":[100,100],"ix":3},"r":{"a":0,"k":0,"ix":6},"o":{"a":0,"k":100,"ix":7},"sk":{"a":0,"k":0,"ix":4},"sa":{"a":0,"k":0,"ix":5},"nm":"Transform"}],"nm":"Group 4","np":4,"cix":2,"bm":0,"ix":2,"mn":"ADBE Vector Group","hd":false}],"ip":0,"op":140,"st":0,"bm":0},{"ddd":0,"ind":3,"ty":4,"nm":"hand-L Outlines","parent":4,"sr":1,"ks":{"o":{"a":0,"k":100,"ix":11},"r":{"a":1,"k":[{"i":{"x":[0.833],"y":[0.833]},"o":{"x":[0.167],"y":[0.167]},"t":0,"s":[0]},{"i":{"x":[0.833],"y":[0.833]},"o":{"x":[0.167],"y":[0.167]},"t":10,"s":[6]},{"i":{"x":[0.833],"y":[0.833]},"o":{"x":[0.167],"y":[0.167]},"t":20,"s":[16]},{"i":{"x":[0.833],"y":[0.833]},"o":{"x":[0.167],"y":[0.167]},"t":30,"s":[18]},{"i":{"x":[0.833],"y":[0.833]},"o":{"x":[0.167],"y":[0.167]},"t":40,"s":[10]},{"i":{"x":[0.833],"y":[0.833]},"o":{"x":[0.167],"y":[0.167]},"t":50,"s":[6]},{"i":{"x":[0.833],"y":[0.833]},"o":{"x":[0.167],"y":[0.167]},"t":60,"s":[3]},{"i":{"x":[0.833],"y":[0.833]},"o":{"x":[0.167],"y":[0.167]},"t":70,"s":[0]},{"i":{"x":[0.833],"y":[0.833]},"o":{"x":[0.167],"y":[0.167]},"t":80,"s":[6]},{"i":{"x":[0.833],"y":[0.833]},"o":{"x":[0.167],"y":[0.167]},"t":90,"s":[16]},{"i":{"x":[0.833],"y":[0.833]},"o":{"x":[0.167],"y":[0.167]},"t":100,"s":[18]},{"i":{"x":[0.833],"y":[0.833]},"o":{"x":[0.167],"y":[0.167]},"t":110,"s":[10]},{"i":{"x":[0.833],"y":[0.833]},"o":{"x":[0.167],"y":[0.167]},"t":120,"s":[6]},{"i":{"x":[0.833],"y":[0.833]},"o":{"x":[0.167],"y":[0.167]},"t":130,"s":[3]},{"t":140,"s":[0]}],"ix":10},"p":{"a":0,"k":[428,86.668,0],"ix":2},"a":{"a":0,"k":[428,86.668,0],"ix":1},"s":{"a":0,"k":[100,100,100],"ix":6}},"ao":0,"shapes":[{"ty":"gr","it":[{"ind":0,"ty":"sh","ix":1,"ks":{"a":0,"k":{"i":[[-0.243,0.195],[-0.195,-0.243],[0,0],[0.243,-0.195],[0.196,0.243],[0,0]],"o":[[0.244,-0.195],[0,0],[0.195,0.242],[-0.243,0.195],[0,0],[-0.196,-0.243]],"v":[[-8.025,-9.979],[-7.232,-9.892],[8.113,9.186],[8.026,9.978],[7.232,9.892],[-8.112,-9.185]],"c":true},"ix":2},"nm":"Path 1","mn":"ADBE Vector Shape - Group","hd":false},{"ty":"fl","c":{"a":0,"k":[0.270999983245,0.250999989229,0.337000020345,1],"ix":4},"o":{"a":0,"k":100,"ix":5},"r":1,"bm":0,"nm":"Fill 1","mn":"ADBE Vector Graphic - Fill","hd":false},{"ty":"tr","p":{"a":0,"k":[434.339,119.179],"ix":2},"a":{"a":0,"k":[0,0],"ix":1},"s":{"a":0,"k":[100,100],"ix":3},"r":{"a":0,"k":0,"ix":6},"o":{"a":0,"k":100,"ix":7},"sk":{"a":0,"k":0,"ix":4},"sa":{"a":0,"k":0,"ix":5},"nm":"Transform"}],"nm":"Group 1","np":4,"cix":2,"bm":0,"ix":1,"mn":"ADBE Vector Group","hd":false},{"ty":"gr","it":[{"ind":0,"ty":"sh","ix":1,"ks":{"a":0,"k":{"i":[[0.807,0.806],[6.46,-6.315],[-6.326,-6.314],[-8.614,-12.226],[0,0]],"o":[[-6.326,-6.449],[-6.461,6.314],[0.135,0.134],[0,0],[-9.96,-13.838]],"v":[[5.586,-17.734],[-17.43,-17.868],[-17.565,5.105],[-2.221,24.183],[23.891,4.702]],"c":true},"ix":2},"nm":"Path 1","mn":"ADBE Vector Shape - Group","hd":false},{"ty":"fl","c":{"a":0,"k":[0.991999966491,0.337000020345,0.19199999641,1],"ix":4},"o":{"a":0,"k":100,"ix":5},"r":1,"bm":0,"nm":"Fill 1","mn":"ADBE Vector Graphic - Fill","hd":false},{"ty":"tr","p":{"a":0,"k":[444.368,104.536],"ix":2},"a":{"a":0,"k":[0,0],"ix":1},"s":{"a":0,"k":[100,100],"ix":3},"r":{"a":0,"k":0,"ix":6},"o":{"a":0,"k":100,"ix":7},"sk":{"a":0,"k":0,"ix":4},"sa":{"a":0,"k":0,"ix":5},"nm":"Transform"}],"nm":"Group 2","np":4,"cix":2,"bm":0,"ix":2,"mn":"ADBE Vector Group","hd":false},{"ty":"gr","it":[{"ind":0,"ty":"sh","ix":1,"ks":{"a":0,"k":{"i":[[-6.326,-49.843],[-0.133,-0.672],[0,0],[-1.345,-1.611],[-1.884,2.151],[0,0],[6.326,-12.628],[-2.153,-1.074],[-1.212,1.209],[0,0],[-1.346,-0.672],[-1.211,1.209],[-0.135,0.27],[-0.673,-0.268],[-1.211,1.209],[-0.269,0.538],[-0.134,0.269],[0,0],[-1.211,1.209],[-0.268,0.537],[-0.808,3.09],[0,0],[-0.27,1.343],[3.498,10.21],[0.133,1.209],[17.497,24.452],[0,0]],"o":[[0.135,0.672],[0,0],[-1.076,1.88],[2.019,2.15],[0,0],[2.288,1.881],[-1.077,2.15],[1.615,0.807],[0,0],[0.134,1.343],[1.616,0.807],[0.135,-0.134],[0.404,0.537],[1.615,0.806],[0.403,-0.269],[0.135,-0.134],[0.135,0],[1.615,0.806],[0.404,-0.269],[1.75,-3.493],[0,0],[0.404,-1.478],[0.942,-6.583],[0.133,-1.209],[-7.27,-56.964],[0,0],[15.075,21.227]],"v":[[3.701,40.103],[4.105,42.119],[-3.567,56.226],[-2.894,62.002],[4.374,61.868],[5.99,60.121],[4.778,79.333],[6.663,85.11],[11.509,84.439],[11.643,84.305],[13.931,87.663],[18.776,86.991],[19.18,86.454],[20.795,87.797],[25.641,87.126],[26.583,85.916],[26.852,85.379],[26.987,85.514],[31.832,84.842],[32.774,83.633],[36.543,73.825],[36.543,73.691],[37.351,69.526],[36.006,39.835],[36.006,36.207],[-13.392,-88.603],[-39.504,-69.122]],"c":true},"ix":2},"nm":"Path 1","mn":"ADBE Vector Shape - Group","hd":false},{"ty":"fl","c":{"a":0,"k":[0.936999990426,0.620000023935,0.481999984442,1],"ix":4},"o":{"a":0,"k":100,"ix":5},"r":1,"bm":0,"nm":"Fill 1","mn":"ADBE Vector Graphic - Fill","hd":false},{"ty":"tr","p":{"a":0,"k":[481.516,197.975],"ix":2},"a":{"a":0,"k":[0,0],"ix":1},"s":{"a":0,"k":[100,100],"ix":3},"r":{"a":0,"k":0,"ix":6},"o":{"a":0,"k":100,"ix":7},"sk":{"a":0,"k":0,"ix":4},"sa":{"a":0,"k":0,"ix":5},"nm":"Transform"}],"nm":"Group 3","np":4,"cix":2,"bm":0,"ix":3,"mn":"ADBE Vector Group","hd":false}],"ip":0,"op":140,"st":0,"bm":0},{"ddd":0,"ind":4,"ty":4,"nm":"body Outlines","sr":1,"ks":{"o":{"a":0,"k":100,"ix":11},"r":{"a":1,"k":[{"i":{"x":[0.833],"y":[0.833]},"o":{"x":[0.167],"y":[0.167]},"t":0,"s":[0]},{"i":{"x":[0.833],"y":[0.833]},"o":{"x":[0.167],"y":[0.167]},"t":11,"s":[8]},{"i":{"x":[0.833],"y":[0.833]},"o":{"x":[0.167],"y":[0.167]},"t":23,"s":[5]},{"i":{"x":[0.833],"y":[0.833]},"o":{"x":[0.167],"y":[0.167]},"t":35,"s":[0]},{"i":{"x":[0.833],"y":[0.833]},"o":{"x":[0.167],"y":[0.167]},"t":47,"s":[8]},{"i":{"x":[0.833],"y":[0.833]},"o":{"x":[0.167],"y":[0.167]},"t":58,"s":[5]},{"i":{"x":[0.833],"y":[0.833]},"o":{"x":[0.167],"y":[0.167]},"t":70,"s":[0]},{"i":{"x":[0.833],"y":[0.833]},"o":{"x":[0.167],"y":[0.167]},"t":80,"s":[8]},{"i":{"x":[0.833],"y":[0.833]},"o":{"x":[0.167],"y":[0.167]},"t":92,"s":[5]},{"i":{"x":[0.833],"y":[0.833]},"o":{"x":[0.167],"y":[0.167]},"t":104,"s":[0]},{"i":{"x":[0.833],"y":[0.833]},"o":{"x":[0.167],"y":[0.167]},"t":116,"s":[8]},{"i":{"x":[0.833],"y":[0.833]},"o":{"x":[0.167],"y":[0.167]},"t":127,"s":[5]},{"t":140,"s":[0]}],"ix":10},"p":{"a":1,"k":[{"i":{"x":0.833,"y":0.833},"o":{"x":0.167,"y":0.167},"t":0,"s":[437.572,165.934,0],"to":[0,0.417,0],"ti":[0,-0.417,0]},{"i":{"x":0.833,"y":0.833},"o":{"x":0.167,"y":0.167},"t":11,"s":[437.572,168.434,0],"to":[0,0,0],"ti":[0,0,0]},{"i":{"x":0.833,"y":0.833},"o":{"x":0.167,"y":0.167},"t":23,"s":[437.572,168.434,0],"to":[0,-0.417,0],"ti":[0,0,0]},{"i":{"x":0.833,"y":0.833},"o":{"x":0.167,"y":0.167},"t":35,"s":[437.572,165.934,0],"to":[0,0,0],"ti":[0,-0.417,0]},{"i":{"x":0.833,"y":0.833},"o":{"x":0.167,"y":0.167},"t":47,"s":[437.572,168.434,0],"to":[0,0,0],"ti":[0,0,0]},{"i":{"x":0.833,"y":0.833},"o":{"x":0.167,"y":0.167},"t":58,"s":[437.572,168.434,0],"to":[0,-0.417,0],"ti":[0,0,0]},{"i":{"x":0.833,"y":0.833},"o":{"x":0.167,"y":0.167},"t":70,"s":[437.572,165.934,0],"to":[0,0,0],"ti":[0,-0.417,0]},{"i":{"x":0.833,"y":0.833},"o":{"x":0.167,"y":0.167},"t":80,"s":[437.572,168.434,0],"to":[0,0,0],"ti":[0,0,0]},{"i":{"x":0.833,"y":0.833},"o":{"x":0.167,"y":0.167},"t":92,"s":[437.572,168.434,0],"to":[0,-0.417,0],"ti":[0,0,0]},{"i":{"x":0.833,"y":0.833},"o":{"x":0.167,"y":0.167},"t":104,"s":[437.572,165.934,0],"to":[0,0,0],"ti":[0,-0.417,0]},{"i":{"x":0.833,"y":0.833},"o":{"x":0.167,"y":0.167},"t":116,"s":[437.572,168.434,0],"to":[0,0,0],"ti":[0,0,0]},{"i":{"x":0.833,"y":0.833},"o":{"x":0.167,"y":0.167},"t":127,"s":[437.572,168.434,0],"to":[0,-0.417,0],"ti":[0,0.417,0]},{"t":140,"s":[437.572,165.934,0]}],"ix":2},"a":{"a":0,"k":[437.572,165.934,0],"ix":1},"s":{"a":0,"k":[100,100,100],"ix":6}},"ao":0,"shapes":[{"ty":"gr","it":[{"ind":0,"ty":"sh","ix":1,"ks":{"a":0,"k":{"i":[[0,0],[0,0],[0,0],[0,0]],"o":[[0,0],[0,0],[0,0],[0,0]],"v":[[-13.393,-9.539],[-0.875,29.02],[12.213,27.074],[-17.834,-29.02]],"c":true},"ix":2},"nm":"Path 1","mn":"ADBE Vector Shape - Group","hd":false},{"ty":"fl","c":{"a":0,"k":[0.870999983245,0.255000005984,0.118000000598,1],"ix":4},"o":{"a":0,"k":100,"ix":5},"r":1,"bm":0,"nm":"Fill 1","mn":"ADBE Vector Graphic - Fill","hd":false},{"ty":"tr","p":{"a":0,"k":[455.406,138.257],"ix":2},"a":{"a":0,"k":[0,0],"ix":1},"s":{"a":0,"k":[100,100],"ix":3},"r":{"a":0,"k":0,"ix":6},"o":{"a":0,"k":100,"ix":7},"sk":{"a":0,"k":0,"ix":4},"sa":{"a":0,"k":0,"ix":5},"nm":"Transform"}],"nm":"Group 1","np":4,"cix":2,"bm":0,"ix":1,"mn":"ADBE Vector Group","hd":false},{"ty":"gr","it":[{"ind":0,"ty":"sh","ix":1,"ks":{"a":0,"k":{"i":[[0,0],[-1.885,15.451],[15.188,6.801],[8.21,-8.061],[-8.884,-18.137],[-1.076,-1.343],[-3.634,-13.569]],"o":[[0,0],[1.883,-15.45],[-4.369,-1.306],[-6.999,6.045],[1.076,2.284],[0.808,9.808],[0,0]],"v":[[34.592,39.297],[22.613,4.232],[7.193,-42.629],[-10.767,-36.745],[-25.707,4.634],[-22.344,10.009],[-15.882,44.806]],"c":true},"ix":2},"nm":"Path 1","mn":"ADBE Vector Shape - Group","hd":false},{"ty":"fl","c":{"a":0,"k":[0.991999966491,0.337000020345,0.19199999641,1],"ix":4},"o":{"a":0,"k":100,"ix":5},"r":1,"bm":0,"nm":"Fill 1","mn":"ADBE Vector Graphic - Fill","hd":false},{"ty":"tr","p":{"a":0,"k":[431.649,126.637],"ix":2},"a":{"a":0,"k":[0,0],"ix":1},"s":{"a":0,"k":[100,100],"ix":3},"r":{"a":0,"k":0,"ix":6},"o":{"a":0,"k":100,"ix":7},"sk":{"a":0,"k":0,"ix":4},"sa":{"a":0,"k":0,"ix":5},"nm":"Transform"}],"nm":"Group 2","np":4,"cix":2,"bm":0,"ix":2,"mn":"ADBE Vector Group","hd":false},{"ty":"gr","it":[{"ind":0,"ty":"sh","ix":1,"ks":{"a":0,"k":{"i":[[0,0],[-8.883,9.942],[-4.846,-2.284]],"o":[[0,0],[10.364,-11.42],[0,0]],"v":[[-10.028,13.368],[-5.99,-1.948],[14.873,-7.456]],"c":true},"ix":2},"nm":"Path 1","mn":"ADBE Vector Shape - Group","hd":false},{"ty":"fl","c":{"a":0,"k":[0.870999983245,0.255000005984,0.118000000598,1],"ix":4},"o":{"a":0,"k":100,"ix":5},"r":1,"bm":0,"nm":"Fill 1","mn":"ADBE Vector Graphic - Fill","hd":false},{"ty":"tr","p":{"a":0,"k":[420.676,91.706],"ix":2},"a":{"a":0,"k":[0,0],"ix":1},"s":{"a":0,"k":[100,100],"ix":3},"r":{"a":0,"k":0,"ix":6},"o":{"a":0,"k":100,"ix":7},"sk":{"a":0,"k":0,"ix":4},"sa":{"a":0,"k":0,"ix":5},"nm":"Transform"}],"nm":"Group 3","np":4,"cix":2,"bm":0,"ix":3,"mn":"ADBE Vector Group","hd":false}],"ip":0,"op":140,"st":0,"bm":0},{"ddd":0,"ind":5,"ty":4,"nm":"head Outlines","parent":4,"sr":1,"ks":{"o":{"a":0,"k":100,"ix":11},"r":{"a":0,"k":0,"ix":10},"p":{"a":0,"k":[414.686,89.758,0],"ix":2},"a":{"a":0,"k":[414.686,89.758,0],"ix":1},"s":{"a":0,"k":[100,100,100],"ix":6}},"ao":0,"shapes":[{"ty":"gr","it":[{"ind":0,"ty":"sh","ix":1,"ks":{"a":0,"k":{"i":[[-0.036,-0.309],[0.31,-0.037],[0.184,-0.282],[0.024,-0.105],[0.002,-0.024],[0,-0.002],[0,0],[0,0],[0,0],[0,0],[0,0],[0.312,0],[0,0.311],[0,0],[0,0],[0,0],[0,0],[0,0],[0,0],[0,0],[-0.004,0.033],[-0.024,0.104],[-0.187,0.284],[-1.291,0.152]],"o":[[0.037,0.309],[-0.997,0.117],[-0.1,0.151],[-0.012,0.052],[-0.002,0.012],[0,0],[0,0],[0,0],[0,0],[0,0],[-0.001,0.311],[-0.312,0],[0,0],[-0.565,0],[0,0],[0,0],[0,0],[0,0],[0,0],[0.001,-0.021],[0.006,-0.065],[0.047,-0.206],[0.387,-0.592],[0.31,-0.036]],"v":[[1.689,-0.991],[1.193,-0.365],[-0.402,0.426],[-0.574,0.827],[-0.594,0.943],[-0.596,0.965],[-0.596,0.966],[-0.596,0.965],[-0.596,0.962],[-0.596,0.96],[-0.596,0.958],[-1.161,1.521],[-1.725,0.957],[-1.161,0.957],[-1.725,0.956],[-1.725,0.954],[-1.725,0.953],[-1.725,0.949],[-1.725,0.939],[-1.724,0.911],[-1.717,0.831],[-1.674,0.574],[-1.346,-0.191],[1.061,-1.484]],"c":true},"ix":2},"nm":"Path 1","mn":"ADBE Vector Shape - Group","hd":false},{"ty":"fl","c":{"a":0,"k":[0.270999983245,0.250999989229,0.337000020345,1],"ix":4},"o":{"a":0,"k":100,"ix":5},"r":1,"bm":0,"nm":"Fill 1","mn":"ADBE Vector Graphic - Fill","hd":false},{"ty":"tr","p":{"a":0,"k":[386.374,76.709],"ix":2},"a":{"a":0,"k":[0,0],"ix":1},"s":{"a":0,"k":[100,100],"ix":3},"r":{"a":0,"k":0,"ix":6},"o":{"a":0,"k":100,"ix":7},"sk":{"a":0,"k":0,"ix":4},"sa":{"a":0,"k":0,"ix":5},"nm":"Transform"}],"nm":"Group 1","np":4,"cix":2,"bm":0,"ix":1,"mn":"ADBE Vector Group","hd":false},{"ty":"gr","it":[{"ind":0,"ty":"sh","ix":1,"ks":{"a":0,"k":{"i":[[-0.367,-0.428],[0,0],[-0.203,-0.237],[-0.237,0.202],[0,0],[0,0],[0,0],[-0.001,0.001],[0,0],[-0.022,0.016],[-0.094,0.056],[-0.353,0.11],[-1.202,-0.54],[-0.128,0.284],[0.285,0.127],[0.918,-0.287],[0.25,-0.152],[0.069,-0.051],[0.02,-0.017],[0,0],[0,0],[0,0],[0,0],[0,0]],"o":[[0,0],[-0.237,0.202],[0.203,0.236],[0,0],[0,0],[0,0],[-0.001,0],[0,0],[0.009,-0.006],[0.045,-0.033],[0.187,-0.114],[0.696,-0.217],[0.284,0.127],[0.128,-0.284],[-1.49,-0.67],[-0.456,0.142],[-0.125,0.075],[-0.035,0.025],[0,0],[0,0],[0,0],[0,0],[0,0],[0,0.001]],"v":[[-2.294,0.478],[-2.661,0.051],[-2.722,0.845],[-1.926,0.906],[-1.927,0.906],[-1.928,0.908],[-1.928,0.909],[-1.928,0.908],[-1.92,0.901],[-1.873,0.866],[-1.664,0.728],[-0.846,0.362],[2.051,0.59],[2.798,0.306],[2.514,-0.439],[-1.183,-0.715],[-2.25,-0.237],[-2.542,-0.043],[-2.624,0.021],[-2.648,0.039],[-2.656,0.046],[-2.659,0.048],[-2.66,0.049],[-2.661,0.049]],"c":true},"ix":2},"nm":"Path 1","mn":"ADBE Vector Shape - Group","hd":false},{"ty":"fl","c":{"a":0,"k":[0.122000002394,0.105999995213,0.176000004189,1],"ix":4},"o":{"a":0,"k":100,"ix":5},"r":1,"bm":0,"nm":"Fill 1","mn":"ADBE Vector Graphic - Fill","hd":false},{"ty":"tr","p":{"a":0,"k":[380.105,61.872],"ix":2},"a":{"a":0,"k":[0,0],"ix":1},"s":{"a":0,"k":[100,100],"ix":3},"r":{"a":0,"k":0,"ix":6},"o":{"a":0,"k":100,"ix":7},"sk":{"a":0,"k":0,"ix":4},"sa":{"a":0,"k":0,"ix":5},"nm":"Transform"}],"nm":"Group 2","np":4,"cix":2,"bm":0,"ix":2,"mn":"ADBE Vector Group","hd":false},{"ty":"gr","it":[{"ind":0,"ty":"sh","ix":1,"ks":{"a":0,"k":{"i":[[0.672,-0.135],[-0.269,-0.672],[-0.673,0.269],[0.269,0.672]],"o":[[-0.673,0.269],[0.269,0.672],[0.673,-0.269],[-0.135,-0.672]],"v":[[-0.403,-1.276],[-1.211,0.336],[0.404,1.142],[1.212,-0.47]],"c":true},"ix":2},"nm":"Path 1","mn":"ADBE Vector Shape - Group","hd":false},{"ty":"fl","c":{"a":0,"k":[0.122000002394,0.105999995213,0.176000004189,1],"ix":4},"o":{"a":0,"k":100,"ix":5},"r":1,"bm":0,"nm":"Fill 1","mn":"ADBE Vector Graphic - Fill","hd":false},{"ty":"tr","p":{"a":0,"k":[380.504,66.986],"ix":2},"a":{"a":0,"k":[0,0],"ix":1},"s":{"a":0,"k":[100,100],"ix":3},"r":{"a":0,"k":0,"ix":6},"o":{"a":0,"k":100,"ix":7},"sk":{"a":0,"k":0,"ix":4},"sa":{"a":0,"k":0,"ix":5},"nm":"Transform"}],"nm":"Group 3","np":4,"cix":2,"bm":0,"ix":3,"mn":"ADBE Vector Group","hd":false},{"ty":"gr","it":[{"ind":0,"ty":"sh","ix":1,"ks":{"a":0,"k":{"i":[[-0.135,-0.671],[0.673,-0.268],[0.269,0.672],[-0.673,0.269]],"o":[[0.269,0.672],[-0.673,0.269],[-0.269,-0.671],[0.672,-0.134]],"v":[[1.212,-0.471],[0.404,1.142],[-1.211,0.336],[-0.404,-1.277]],"c":true},"ix":2},"nm":"Path 1","mn":"ADBE Vector Shape - Group","hd":false},{"ty":"fl","c":{"a":0,"k":[0.270999983245,0.250999989229,0.337000020345,1],"ix":4},"o":{"a":0,"k":100,"ix":5},"r":1,"bm":0,"nm":"Fill 1","mn":"ADBE Vector Graphic - Fill","hd":false},{"ty":"tr","p":{"a":0,"k":[380.503,66.986],"ix":2},"a":{"a":0,"k":[0,0],"ix":1},"s":{"a":0,"k":[100,100],"ix":3},"r":{"a":0,"k":0,"ix":6},"o":{"a":0,"k":100,"ix":7},"sk":{"a":0,"k":0,"ix":4},"sa":{"a":0,"k":0,"ix":5},"nm":"Transform"}],"nm":"Group 4","np":4,"cix":2,"bm":0,"ix":4,"mn":"ADBE Vector Group","hd":false},{"ty":"gr","it":[{"ind":0,"ty":"sh","ix":1,"ks":{"a":0,"k":{"i":[[-0.136,-8.33],[8.212,-0.135],[0.136,8.195],[-8.21,0.135]],"o":[[0.134,8.195],[-8.21,0.134],[-0.134,-8.195],[8.211,-0.268]],"v":[[14.874,-0.269],[0.336,14.913],[-14.873,0.403],[-0.336,-14.779]],"c":true},"ix":2},"nm":"Path 1","mn":"ADBE Vector Shape - Group","hd":false},{"ty":"fl","c":{"a":0,"k":[0.122000002394,0.105999995213,0.176000004189,1],"ix":4},"o":{"a":0,"k":100,"ix":5},"r":1,"bm":0,"nm":"Fill 1","mn":"ADBE Vector Graphic - Fill","hd":false},{"ty":"tr","p":{"a":0,"k":[423.235,40.452],"ix":2},"a":{"a":0,"k":[0,0],"ix":1},"s":{"a":0,"k":[100,100],"ix":3},"r":{"a":0,"k":0,"ix":6},"o":{"a":0,"k":100,"ix":7},"sk":{"a":0,"k":0,"ix":4},"sa":{"a":0,"k":0,"ix":5},"nm":"Transform"}],"nm":"Group 5","np":4,"cix":2,"bm":0,"ix":5,"mn":"ADBE Vector Group","hd":false},{"ty":"gr","it":[{"ind":0,"ty":"sh","ix":1,"ks":{"a":0,"k":{"i":[[0,0],[0,0],[0,0],[0,0],[0,0],[0,0],[0,0.019],[-0.001,0.068],[-0.025,0.23],[-0.278,0.666],[-2.487,0.584],[-0.071,-0.303]],"o":[[-0.563,0.035],[0,0],[0,0],[0,0],[0,0],[0,-0.012],[-0.001,-0.039],[0.002,-0.136],[0.051,-0.458],[0.565,-1.354],[0.304,-0.072],[0,0]],"v":[[-2.18,2.706],[-2.743,2.741],[-2.743,2.74],[-2.744,2.738],[-2.744,2.733],[-2.745,2.719],[-2.746,2.673],[-2.747,2.512],[-2.712,1.956],[-2.264,0.206],[1.998,-3.216],[2.677,-2.797]],"c":false},"ix":2},"nm":"Path 1","mn":"ADBE Vector Shape - Group","hd":false},{"ind":1,"ty":"sh","ix":2,"ks":{"a":0,"k":{"i":[[0,0],[0.303,-0.071],[0.444,-1.065],[0.042,-0.381],[0.002,-0.104],[-0.001,-0.025],[0,0],[0,0],[0.564,-0.035],[0,0],[-0.311,0.02],[0.019,0.311]],"o":[[0.071,0.303],[-2.09,0.491],[-0.227,0.543],[-0.021,0.19],[0,0.052],[0,0],[0,0],[0,0],[0,0],[0.019,0.311],[0.312,-0.019],[0,0]],"v":[[2.677,-2.797],[2.257,-2.119],[-1.221,0.639],[-1.589,2.079],[-1.618,2.527],[-1.617,2.643],[-1.616,2.668],[-1.616,2.671],[-2.18,2.706],[-2.743,2.741],[-2.145,3.268],[-1.616,2.671]],"c":false},"ix":2},"nm":"Path 2","mn":"ADBE Vector Shape - Group","hd":false},{"ty":"mm","mm":1,"nm":"Merge Paths 1","mn":"ADBE Vector Filter - Merge","hd":false},{"ty":"fl","c":{"a":0,"k":[0.270999983245,0.250999989229,0.337000020345,1],"ix":4},"o":{"a":0,"k":100,"ix":5},"r":1,"bm":0,"nm":"Fill 1","mn":"ADBE Vector Graphic - Fill","hd":false},{"ty":"tr","p":{"a":0,"k":[403.135,61.257],"ix":2},"a":{"a":0,"k":[0,0],"ix":1},"s":{"a":0,"k":[100,100],"ix":3},"r":{"a":0,"k":0,"ix":6},"o":{"a":0,"k":100,"ix":7},"sk":{"a":0,"k":0,"ix":4},"sa":{"a":0,"k":0,"ix":5},"nm":"Transform"}],"nm":"Group 6","np":6,"cix":2,"bm":0,"ix":6,"mn":"ADBE Vector Group","hd":false},{"ty":"gr","it":[{"ind":0,"ty":"sh","ix":1,"ks":{"a":0,"k":{"i":[[0.135,-3.762],[3.903,0.134],[-0.135,3.896],[-3.903,-0.134]],"o":[[-0.134,3.762],[-3.769,-0.134],[0.135,-3.762],[3.769,0.269]],"v":[[6.932,0.336],[-0.336,6.919],[-6.931,-0.336],[0.337,-6.919]],"c":true},"ix":2},"nm":"Path 1","mn":"ADBE Vector Shape - Group","hd":false},{"ty":"fl","c":{"a":0,"k":[0.936999990426,0.620000023935,0.481999984442,1],"ix":4},"o":{"a":0,"k":100,"ix":5},"r":1,"bm":0,"nm":"Fill 1","mn":"ADBE Vector Graphic - Fill","hd":false},{"ty":"tr","p":{"a":0,"k":[403.718,61.477],"ix":2},"a":{"a":0,"k":[0,0],"ix":1},"s":{"a":0,"k":[100,100],"ix":3},"r":{"a":0,"k":0,"ix":6},"o":{"a":0,"k":100,"ix":7},"sk":{"a":0,"k":0,"ix":4},"sa":{"a":0,"k":0,"ix":5},"nm":"Transform"}],"nm":"Group 7","np":4,"cix":2,"bm":0,"ix":7,"mn":"ADBE Vector Group","hd":false},{"ty":"gr","it":[{"ind":0,"ty":"sh","ix":1,"ks":{"a":0,"k":{"i":[[0,0],[0,0],[-0.673,0.269],[0,0]],"o":[[0,0],[-0.134,0.672],[0,0],[0,0]],"v":[[-1.413,-3.225],[-2.221,2.015],[-1.145,2.956],[2.355,2.15]],"c":true},"ix":2},"nm":"Path 1","mn":"ADBE Vector Shape - Group","hd":false},{"ty":"fl","c":{"a":0,"k":[0.936999990426,0.620000023935,0.481999984442,1],"ix":4},"o":{"a":0,"k":100,"ix":5},"r":1,"bm":0,"nm":"Fill 1","mn":"ADBE Vector Graphic - Fill","hd":false},{"ty":"tr","p":{"a":0,"k":[379.219,74.308],"ix":2},"a":{"a":0,"k":[0,0],"ix":1},"s":{"a":0,"k":[100,100],"ix":3},"r":{"a":0,"k":0,"ix":6},"o":{"a":0,"k":100,"ix":7},"sk":{"a":0,"k":0,"ix":4},"sa":{"a":0,"k":0,"ix":5},"nm":"Transform"}],"nm":"Group 8","np":4,"cix":2,"bm":0,"ix":8,"mn":"ADBE Vector Group","hd":false},{"ty":"gr","it":[{"ind":0,"ty":"sh","ix":1,"ks":{"a":0,"k":{"i":[[0,0],[-17.498,-4.837],[0,0],[-15.209,6.449],[22.612,13.704]],"o":[[0,0],[0,0],[0,0],[0,0],[-16.421,-9.942]],"v":[[-27.054,-8.061],[-6.595,6.853],[-2.692,8.732],[21.535,18.003],[4.442,-14.509]],"c":true},"ix":2},"nm":"Path 1","mn":"ADBE Vector Shape - Group","hd":false},{"ty":"fl","c":{"a":0,"k":[0.122000002394,0.105999995213,0.176000004189,1],"ix":4},"o":{"a":0,"k":100,"ix":5},"r":1,"bm":0,"nm":"Fill 1","mn":"ADBE Vector Graphic - Fill","hd":false},{"ty":"tr","p":{"a":0,"k":[405.399,55.902],"ix":2},"a":{"a":0,"k":[0,0],"ix":1},"s":{"a":0,"k":[100,100],"ix":3},"r":{"a":0,"k":0,"ix":6},"o":{"a":0,"k":100,"ix":7},"sk":{"a":0,"k":0,"ix":4},"sa":{"a":0,"k":0,"ix":5},"nm":"Transform"}],"nm":"Group 9","np":4,"cix":2,"bm":0,"ix":9,"mn":"ADBE Vector Group","hd":false},{"ty":"gr","it":[{"ind":0,"ty":"sh","ix":1,"ks":{"a":0,"k":{"i":[[-12.043,0],[0,12.021],[12.042,0],[0,-12.02]],"o":[[12.042,0],[0,-12.02],[-12.043,0],[0,12.021]],"v":[[0.001,21.764],[21.805,0],[0.001,-21.764],[-21.805,0]],"c":true},"ix":2},"nm":"Path 1","mn":"ADBE Vector Shape - Group","hd":false},{"ty":"fl","c":{"a":0,"k":[0.936999990426,0.620000023935,0.481999984442,1],"ix":4},"o":{"a":0,"k":100,"ix":5},"r":1,"bm":0,"nm":"Fill 1","mn":"ADBE Vector Graphic - Fill","hd":false},{"ty":"tr","p":{"a":0,"k":[397.595,61.948],"ix":2},"a":{"a":0,"k":[0,0],"ix":1},"s":{"a":0,"k":[100,100],"ix":3},"r":{"a":0,"k":0,"ix":6},"o":{"a":0,"k":100,"ix":7},"sk":{"a":0,"k":0,"ix":4},"sa":{"a":0,"k":0,"ix":5},"nm":"Transform"}],"nm":"Group 10","np":4,"cix":2,"bm":0,"ix":10,"mn":"ADBE Vector Group","hd":false},{"ty":"gr","it":[{"ind":0,"ty":"sh","ix":1,"ks":{"a":0,"k":{"i":[[0,0],[0,0],[0,0]],"o":[[0,0],[0,0],[0,0]],"v":[[7.403,-12.226],[4.576,12.225],[-7.403,-4.568]],"c":true},"ix":2},"nm":"Path 1","mn":"ADBE Vector Shape - Group","hd":false},{"ty":"fl","c":{"a":0,"k":[0,0,0,1],"ix":4},"o":{"a":0,"k":10,"ix":5},"r":1,"bm":0,"nm":"Fill 1","mn":"ADBE Vector Graphic - Fill","hd":false},{"ty":"tr","p":{"a":0,"k":[402.439,79.413],"ix":2},"a":{"a":0,"k":[0,0],"ix":1},"s":{"a":0,"k":[100,100],"ix":3},"r":{"a":0,"k":0,"ix":6},"o":{"a":0,"k":100,"ix":7},"sk":{"a":0,"k":0,"ix":4},"sa":{"a":0,"k":0,"ix":5},"nm":"Transform"}],"nm":"Group 11","np":4,"cix":2,"bm":0,"ix":11,"mn":"ADBE Vector Group","hd":false},{"ty":"gr","it":[{"ind":0,"ty":"sh","ix":1,"ks":{"a":0,"k":{"i":[[0,0],[0.404,0.672],[0,0],[0,0]],"o":[[0.404,1.478],[0,0],[0,0],[0,0]],"v":[[-17.43,-10.882],[3.029,17.465],[17.43,0.537],[-6.662,-18.137]],"c":true},"ix":2},"nm":"Path 1","mn":"ADBE Vector Shape - Group","hd":false},{"ty":"fl","c":{"a":0,"k":[0.936999990426,0.620000023935,0.481999984442,1],"ix":4},"o":{"a":0,"k":100,"ix":5},"r":1,"bm":0,"nm":"Fill 1","mn":"ADBE Vector Graphic - Fill","hd":false},{"ty":"tr","p":{"a":0,"k":[413.005,86.399],"ix":2},"a":{"a":0,"k":[0,0],"ix":1},"s":{"a":0,"k":[100,100],"ix":3},"r":{"a":0,"k":0,"ix":6},"o":{"a":0,"k":100,"ix":7},"sk":{"a":0,"k":0,"ix":4},"sa":{"a":0,"k":0,"ix":5},"nm":"Transform"}],"nm":"Group 12","np":4,"cix":2,"bm":0,"ix":12,"mn":"ADBE Vector Group","hd":false}],"ip":0,"op":140,"st":0,"bm":0},{"ddd":0,"ind":6,"ty":4,"nm":"leg-left Outlines","sr":1,"ks":{"o":{"a":0,"k":100,"ix":11},"r":{"a":0,"k":0,"ix":10},"p":{"a":0,"k":[442.012,197.802,0],"ix":2},"a":{"a":0,"k":[442.012,197.802,0],"ix":1},"s":{"a":0,"k":[100,100,100],"ix":6}},"ao":0,"shapes":[{"ind":0,"ty":"sh","ix":1,"ks":{"a":1,"k":[{"i":{"x":0.833,"y":0.833},"o":{"x":0.167,"y":0.167},"t":0,"s":[{"i":[[-9.314,2.372],[-64.203,70.265],[17.229,40.976],[0,0],[0,0],[3.23,-182.176],[-8.651,-0.586]],"o":[[0,0],[0,0],[0,0],[0,0],[0,0],[0,0],[7.898,0.535]],"v":[[391.675,456.127],[453.32,232.033],[466.241,165.934],[415.767,171.576],[417.652,181.115],[349.681,456.127],[364.475,458.072]],"c":true}]},{"i":{"x":0.833,"y":0.833},"o":{"x":0.167,"y":0.167},"t":10,"s":[{"i":[[-9.314,2.372],[0,63.967],[17.229,40.976],[0,0],[0,0],[3.23,-182.176],[-8.912,-0.62]],"o":[[0,0],[1.68,-45.533],[0,0],[0,0],[0,0],[0,0],[8.136,0.566]],"v":[[457.675,455.254],[458.32,278.033],[466.241,165.934],[415.767,171.576],[417.652,181.115],[414.681,455.127],[430.009,457.14]],"c":true}]},{"i":{"x":0.833,"y":0.833},"o":{"x":0.167,"y":0.167},"t":20,"s":[{"i":[[-7.958,8.946],[1.68,49.967],[17.229,40.976],[0,0],[0,0],[-84.681,-145.127],[-9.508,3.494]],"o":[[0,0],[-2.125,-63.209],[0,0],[0,0],[0,0],[0,0],[8.68,-3.189]],"v":[[530.675,425.254],[467.32,274.033],[466.241,165.934],[415.767,171.576],[417.652,181.115],[486.681,447.127],[503.655,442.778]],"c":true}]},{"i":{"x":0.833,"y":0.833},"o":{"x":0.167,"y":0.167},"t":30,"s":[{"i":[[-7.958,8.946],[4.68,67.967],[17.229,40.976],[0,0],[0,0],[-139.681,-113.127],[-7.943,6.102]],"o":[[0,0],[0.431,-63.243],[0,0],[0,0],[0,0],[0,0],[7.251,-5.571]],"v":[[560.675,416.254],[467.32,274.033],[466.241,165.934],[415.767,171.576],[417.652,181.115],[522.681,448.127],[536.451,438.437]],"c":true}]},{"i":{"x":0.833,"y":0.833},"o":{"x":0.167,"y":0.167},"t":40,"s":[{"i":[[-1.754,11.332],[6.68,63.967],[17.229,40.976],[0,0],[0,0],[-149.681,-100.127],[-5.825,6.034]],"o":[[0,0],[-2.32,-58.033],[0,0],[0,0],[0,0],[0,0],[5.318,-5.508]],"v":[[541.675,399.254],[462.32,277.033],[466.241,165.934],[415.767,171.576],[417.652,181.115],[517.681,433.127],[529.059,424.325]],"c":true}]},{"i":{"x":0.833,"y":0.833},"o":{"x":0.167,"y":0.167},"t":50,"s":[{"i":[[1.825,5.746],[-14.32,55.717],[31.759,55.066],[0,0],[0,0],[-164.681,-84.127],[-7.148,8.456]],"o":[[-26.175,-16.254],[6.68,-32.283],[0,0],[0,0],[0,0],[0,0],[6.525,-7.72]],"v":[[482.675,369.254],[420.32,271.283],[466.241,165.934],[415.767,171.576],[417.652,181.115],[459.681,411.127],[475.115,398.263]],"c":true}]},{"i":{"x":0.833,"y":0.833},"o":{"x":0.167,"y":0.167},"t":60,"s":[{"i":[[-3.582,5.728],[-39.32,35.967],[17.229,40.976],[0,0],[0,0],[-5.681,-164.127],[-12.663,1.136]],"o":[[-1.675,-77.127],[24.68,-29.033],[0,0],[0,0],[0,0],[0,0],[8.905,-0.799]],"v":[[388.675,428.127],[447.32,238.033],[466.241,165.934],[415.767,171.576],[417.652,181.115],[339.681,435.127],[365.553,437.015]],"c":true}]},{"i":{"x":0.833,"y":0.833},"o":{"x":0.167,"y":0.167},"t":70,"s":[{"i":[[-9.314,2.372],[-64.203,70.265],[17.229,40.976],[0,0],[0,0],[3.23,-182.176],[-8.651,-0.586]],"o":[[0,0],[0,0],[0,0],[0,0],[0,0],[0,0],[7.898,0.535]],"v":[[391.675,456.127],[453.32,232.033],[466.241,165.934],[415.767,171.576],[417.652,181.115],[349.681,456.127],[364.475,458.072]],"c":true}]},{"i":{"x":0.833,"y":0.833},"o":{"x":0.167,"y":0.167},"t":80,"s":[{"i":[[-9.314,2.372],[0,63.967],[17.229,40.976],[0,0],[0,0],[3.23,-182.176],[-8.912,-0.62]],"o":[[0,0],[1.68,-45.533],[0,0],[0,0],[0,0],[0,0],[8.136,0.566]],"v":[[457.675,455.254],[458.32,278.033],[466.241,165.934],[415.767,171.576],[417.652,181.115],[414.681,455.127],[430.009,457.14]],"c":true}]},{"i":{"x":0.833,"y":0.833},"o":{"x":0.167,"y":0.167},"t":90,"s":[{"i":[[-7.958,8.946],[1.68,49.967],[17.229,40.976],[0,0],[0,0],[-84.681,-145.127],[-9.508,3.494]],"o":[[0,0],[-2.125,-63.209],[0,0],[0,0],[0,0],[0,0],[8.68,-3.189]],"v":[[530.675,425.254],[467.32,274.033],[466.241,165.934],[415.767,171.576],[417.652,181.115],[486.681,447.127],[503.655,442.778]],"c":true}]},{"i":{"x":0.833,"y":0.833},"o":{"x":0.167,"y":0.167},"t":100,"s":[{"i":[[-7.958,8.946],[4.68,67.967],[17.229,40.976],[0,0],[0,0],[-139.681,-113.127],[-7.943,6.102]],"o":[[0,0],[0.431,-63.243],[0,0],[0,0],[0,0],[0,0],[7.251,-5.571]],"v":[[560.675,416.254],[467.32,274.033],[466.241,165.934],[415.767,171.576],[417.652,181.115],[522.681,448.127],[536.451,438.437]],"c":true}]},{"i":{"x":0.833,"y":0.833},"o":{"x":0.167,"y":0.167},"t":110,"s":[{"i":[[-1.754,11.332],[6.68,63.967],[17.229,40.976],[0,0],[0,0],[-149.681,-100.127],[-5.825,6.034]],"o":[[0,0],[-2.32,-58.033],[0,0],[0,0],[0,0],[0,0],[5.318,-5.508]],"v":[[541.675,399.254],[462.32,277.033],[466.241,165.934],[415.767,171.576],[417.652,181.115],[517.681,433.127],[529.059,424.325]],"c":true}]},{"i":{"x":0.833,"y":0.833},"o":{"x":0.167,"y":0.167},"t":120,"s":[{"i":[[1.825,5.746],[-14.32,55.717],[31.759,55.066],[0,0],[0,0],[-164.681,-84.127],[-7.148,8.456]],"o":[[-26.175,-16.254],[6.68,-32.283],[0,0],[0,0],[0,0],[0,0],[6.525,-7.72]],"v":[[482.675,369.254],[420.32,271.283],[466.241,165.934],[415.767,171.576],[417.652,181.115],[459.681,411.127],[475.115,398.263]],"c":true}]},{"i":{"x":0.833,"y":0.833},"o":{"x":0.167,"y":0.167},"t":130,"s":[{"i":[[-3.582,5.728],[-39.32,35.967],[17.229,40.976],[0,0],[0,0],[-5.681,-164.127],[-12.663,1.136]],"o":[[-1.675,-77.127],[24.68,-29.033],[0,0],[0,0],[0,0],[0,0],[8.905,-0.799]],"v":[[388.675,428.127],[447.32,238.033],[466.241,165.934],[415.767,171.576],[417.652,181.115],[339.681,435.127],[365.553,437.015]],"c":true}]},{"t":140,"s":[{"i":[[-9.314,2.372],[-64.203,70.265],[17.229,40.976],[0,0],[0,0],[3.23,-182.176],[-8.651,-0.586]],"o":[[0,0],[0,0],[0,0],[0,0],[0,0],[0,0],[7.898,0.535]],"v":[[391.675,456.127],[453.32,232.033],[466.241,165.934],[415.767,171.576],[417.652,181.115],[349.681,456.127],[364.475,458.072]],"c":true}]}],"ix":2},"nm":"Path 1","mn":"ADBE Vector Shape - Group","hd":false},{"ty":"fl","c":{"a":0,"k":[0.4,0.383999992819,0.463000009574,1],"ix":4},"o":{"a":0,"k":100,"ix":5},"r":1,"bm":0,"nm":"Fill 1","mn":"ADBE Vector Graphic - Fill","hd":false}],"ip":0,"op":140,"st":0,"bm":0},{"ddd":0,"ind":7,"ty":4,"nm":"shoe-L Outlines","parent":6,"sr":1,"ks":{"o":{"a":0,"k":100,"ix":11},"r":{"a":1,"k":[{"i":{"x":[0.833],"y":[0.833]},"o":{"x":[0.167],"y":[0.167]},"t":0,"s":[0]},{"i":{"x":[0.833],"y":[0.833]},"o":{"x":[0.167],"y":[0.167]},"t":10,"s":[0]},{"i":{"x":[0.833],"y":[0.833]},"o":{"x":[0.167],"y":[0.167]},"t":20,"s":[-31]},{"i":{"x":[0.833],"y":[0.833]},"o":{"x":[0.167],"y":[0.167]},"t":30,"s":[-47]},{"i":{"x":[0.833],"y":[0.833]},"o":{"x":[0.167],"y":[0.167]},"t":40,"s":[-54]},{"i":{"x":[0.833],"y":[0.833]},"o":{"x":[0.167],"y":[0.167]},"t":50,"s":[-61]},{"i":{"x":[0.833],"y":[0.833]},"o":{"x":[0.167],"y":[0.167]},"t":60,"s":[0]},{"i":{"x":[0.833],"y":[0.833]},"o":{"x":[0.167],"y":[0.167]},"t":70,"s":[0]},{"i":{"x":[0.833],"y":[0.833]},"o":{"x":[0.167],"y":[0.167]},"t":80,"s":[0]},{"i":{"x":[0.833],"y":[0.833]},"o":{"x":[0.167],"y":[0.167]},"t":90,"s":[-31]},{"i":{"x":[0.833],"y":[0.833]},"o":{"x":[0.167],"y":[0.167]},"t":100,"s":[-47]},{"i":{"x":[0.833],"y":[0.833]},"o":{"x":[0.167],"y":[0.167]},"t":110,"s":[-54]},{"i":{"x":[0.833],"y":[0.833]},"o":{"x":[0.167],"y":[0.167]},"t":120,"s":[-61]},{"i":{"x":[0.833],"y":[0.833]},"o":{"x":[0.167],"y":[0.167]},"t":130,"s":[0]},{"t":140,"s":[0]}],"ix":10},"p":{"a":1,"k":[{"i":{"x":0.833,"y":0.833},"o":{"x":0.167,"y":0.167},"t":0,"s":[372.494,449.545,0],"to":[11,0,0],"ti":[-23.083,2.75,0]},{"i":{"x":0.833,"y":0.833},"o":{"x":0.167,"y":0.167},"t":10,"s":[438.494,449.545,0],"to":[23.083,-2.75,0],"ti":[-16.917,3.667,0]},{"i":{"x":0.833,"y":0.833},"o":{"x":0.167,"y":0.167},"t":20,"s":[510.994,433.045,0],"to":[16.917,-3.667,0],"ti":[-2.167,3.917,0]},{"i":{"x":0.833,"y":0.833},"o":{"x":0.167,"y":0.167},"t":30,"s":[539.994,427.545,0],"to":[2.167,-3.917,0],"ti":[11.833,7.167,0]},{"i":{"x":0.833,"y":0.833},"o":{"x":0.167,"y":0.167},"t":40,"s":[523.994,409.545,0],"to":[-11.833,-7.167,0],"ti":[26,-2.5,0]},{"i":{"x":0.833,"y":0.833},"o":{"x":0.167,"y":0.167},"t":50,"s":[468.994,384.545,0],"to":[-26,2.5,0],"ti":[16.083,-10.833,0]},{"i":{"x":0.833,"y":0.833},"o":{"x":0.167,"y":0.167},"t":60,"s":[367.994,424.545,0],"to":[-16.083,10.833,0],"ti":[-11.75,-4.167,0]},{"i":{"x":0.833,"y":0.833},"o":{"x":0.167,"y":0.167},"t":70,"s":[372.494,449.545,0],"to":[11.75,4.167,0],"ti":[-23.083,2.75,0]},{"i":{"x":0.833,"y":0.833},"o":{"x":0.167,"y":0.167},"t":80,"s":[438.494,449.545,0],"to":[23.083,-2.75,0],"ti":[-16.917,3.667,0]},{"i":{"x":0.833,"y":0.833},"o":{"x":0.167,"y":0.167},"t":90,"s":[510.994,433.045,0],"to":[16.917,-3.667,0],"ti":[-2.167,3.917,0]},{"i":{"x":0.833,"y":0.833},"o":{"x":0.167,"y":0.167},"t":100,"s":[539.994,427.545,0],"to":[2.167,-3.917,0],"ti":[11.833,7.167,0]},{"i":{"x":0.833,"y":0.833},"o":{"x":0.167,"y":0.167},"t":110,"s":[523.994,409.545,0],"to":[-11.833,-7.167,0],"ti":[26,-2.5,0]},{"i":{"x":0.833,"y":0.833},"o":{"x":0.167,"y":0.167},"t":120,"s":[468.994,384.545,0],"to":[-26,2.5,0],"ti":[16.083,-10.833,0]},{"i":{"x":0.833,"y":0.833},"o":{"x":0.167,"y":0.167},"t":130,"s":[367.994,424.545,0],"to":[-16.083,10.833,0],"ti":[-0.75,-4.167,0]},{"t":140,"s":[372.494,449.545,0]}],"ix":2},"a":{"a":0,"k":[372.494,449.545,0],"ix":1},"s":{"a":0,"k":[100,100,100],"ix":6}},"ao":0,"shapes":[{"ty":"gr","it":[{"ind":0,"ty":"sh","ix":1,"ks":{"a":0,"k":{"i":[[0,0],[0,0],[0,0],[0,0]],"o":[[0,0],[0,0],[0,0],[0,0]],"v":[[1.519,1.971],[-2.385,-0.716],[-1.519,-1.97],[2.385,0.717]],"c":true},"ix":2},"nm":"Path 1","mn":"ADBE Vector Shape - Group","hd":false},{"ty":"fl","c":{"a":0,"k":[0.991999966491,0.337000020345,0.19199999641,1],"ix":4},"o":{"a":0,"k":100,"ix":5},"r":1,"bm":0,"nm":"Fill 1","mn":"ADBE Vector Graphic - Fill","hd":false},{"ty":"tr","p":{"a":0,"k":[349.742,485.953],"ix":2},"a":{"a":0,"k":[0,0],"ix":1},"s":{"a":0,"k":[100,100],"ix":3},"r":{"a":0,"k":0,"ix":6},"o":{"a":0,"k":100,"ix":7},"sk":{"a":0,"k":0,"ix":4},"sa":{"a":0,"k":0,"ix":5},"nm":"Transform"}],"nm":"Group 1","np":4,"cix":2,"bm":0,"ix":1,"mn":"ADBE Vector Group","hd":false},{"ty":"gr","it":[{"ind":0,"ty":"sh","ix":1,"ks":{"a":0,"k":{"i":[[0,0],[0,0],[0,0],[0,0]],"o":[[0,0],[0,0],[0,0],[0,0]],"v":[[1.505,2.027],[-2.4,-0.793],[-1.504,-2.027],[2.4,0.795]],"c":true},"ix":2},"nm":"Path 1","mn":"ADBE Vector Shape - Group","hd":false},{"ty":"fl","c":{"a":0,"k":[0.991999966491,0.337000020345,0.19199999641,1],"ix":4},"o":{"a":0,"k":100,"ix":5},"r":1,"bm":0,"nm":"Fill 1","mn":"ADBE Vector Graphic - Fill","hd":false},{"ty":"tr","p":{"a":0,"k":[344.493,488.706],"ix":2},"a":{"a":0,"k":[0,0],"ix":1},"s":{"a":0,"k":[100,100],"ix":3},"r":{"a":0,"k":0,"ix":6},"o":{"a":0,"k":100,"ix":7},"sk":{"a":0,"k":0,"ix":4},"sa":{"a":0,"k":0,"ix":5},"nm":"Transform"}],"nm":"Group 2","np":4,"cix":2,"bm":0,"ix":2,"mn":"ADBE Vector Group","hd":false},{"ty":"gr","it":[{"ind":0,"ty":"sh","ix":1,"ks":{"a":0,"k":{"i":[[0,0],[0,0],[0,0],[0,0]],"o":[[0,0],[0,0],[0,0],[0,0]],"v":[[27.794,0.762],[-27.794,0.762],[-27.794,-0.762],[27.794,-0.762]],"c":true},"ix":2},"nm":"Path 1","mn":"ADBE Vector Shape - Group","hd":false},{"ty":"fl","c":{"a":0,"k":[0.991999966491,0.337000020345,0.19199999641,1],"ix":4},"o":{"a":0,"k":100,"ix":5},"r":1,"bm":0,"nm":"Fill 1","mn":"ADBE Vector Graphic - Fill","hd":false},{"ty":"tr","p":{"a":0,"k":[356.877,494.686],"ix":2},"a":{"a":0,"k":[0,0],"ix":1},"s":{"a":0,"k":[100,100],"ix":3},"r":{"a":0,"k":0,"ix":6},"o":{"a":0,"k":100,"ix":7},"sk":{"a":0,"k":0,"ix":4},"sa":{"a":0,"k":0,"ix":5},"nm":"Transform"}],"nm":"Group 3","np":4,"cix":2,"bm":0,"ix":3,"mn":"ADBE Vector Group","hd":false},{"ty":"gr","it":[{"ind":0,"ty":"sh","ix":1,"ks":{"a":0,"k":{"i":[[0,0],[0,0],[0,0],[0,0],[-2.288,1.343],[0,0]],"o":[[0,0],[0,0],[0,0],[-2.557,0],[0,0],[0,0]],"v":[[-0.202,-15.047],[28.602,-15.047],[29.14,15.047],[-25.641,15.047],[-26.852,10.345],[-0.471,-3.628]],"c":true},"ix":2},"nm":"Path 1","mn":"ADBE Vector Shape - Group","hd":false},{"ty":"fl","c":{"a":0,"k":[0.122000002394,0.105999995213,0.176000004189,1],"ix":4},"o":{"a":0,"k":100,"ix":5},"r":1,"bm":0,"nm":"Fill 1","mn":"ADBE Vector Graphic - Fill","hd":false},{"ty":"tr","p":{"a":0,"k":[355.398,485.013],"ix":2},"a":{"a":0,"k":[0,0],"ix":1},"s":{"a":0,"k":[100,100],"ix":3},"r":{"a":0,"k":0,"ix":6},"o":{"a":0,"k":100,"ix":7},"sk":{"a":0,"k":0,"ix":4},"sa":{"a":0,"k":0,"ix":5},"nm":"Transform"}],"nm":"Group 4","np":4,"cix":2,"bm":0,"ix":4,"mn":"ADBE Vector Group","hd":false},{"ty":"gr","it":[{"ind":0,"ty":"sh","ix":1,"ks":{"a":0,"k":{"i":[[0,0],[0,0],[0,0],[0,0]],"o":[[0,0],[0,0],[0,0],[0,0]],"v":[[-11.171,-10.412],[-11.171,11.218],[11.036,11.218],[11.172,-11.218]],"c":true},"ix":2},"nm":"Path 1","mn":"ADBE Vector Shape - Group","hd":false},{"ty":"fl","c":{"a":0,"k":[0.936999990426,0.620000023935,0.481999984442,1],"ix":4},"o":{"a":0,"k":100,"ix":5},"r":1,"bm":0,"nm":"Fill 1","mn":"ADBE Vector Graphic - Fill","hd":false},{"ty":"tr","p":{"a":0,"k":[370.541,460.763],"ix":2},"a":{"a":0,"k":[0,0],"ix":1},"s":{"a":0,"k":[100,100],"ix":3},"r":{"a":0,"k":0,"ix":6},"o":{"a":0,"k":100,"ix":7},"sk":{"a":0,"k":0,"ix":4},"sa":{"a":0,"k":0,"ix":5},"nm":"Transform"}],"nm":"Group 5","np":2,"cix":2,"bm":0,"ix":5,"mn":"ADBE Vector Group","hd":false}],"ip":0,"op":140,"st":0,"bm":0},{"ddd":0,"ind":8,"ty":4,"nm":"leg-right Outlines","sr":1,"ks":{"o":{"a":0,"k":100,"ix":11},"r":{"a":0,"k":0,"ix":10},"p":{"a":0,"k":[438.989,205.549,0],"ix":2},"a":{"a":0,"k":[438.989,205.549,0],"ix":1},"s":{"a":0,"k":[100,100,100],"ix":6}},"ao":0,"shapes":[{"ind":0,"ty":"sh","ix":1,"ks":{"a":1,"k":[{"i":{"x":0.833,"y":0.833},"o":{"x":0.167,"y":0.167},"t":0,"s":[{"i":[[-11.98,21.765],[-27.728,133.274],[0,0],[-137.155,-96.866]],"o":[[0,0],[0,0],[0,0],[0,0]],"v":[[541.749,397.551],[464.356,201.133],[418.054,209.194],[514.829,430.601]],"c":true}]},{"i":{"x":0.833,"y":0.833},"o":{"x":0.167,"y":0.167},"t":10,"s":[{"i":[[4.001,26.199],[-92.481,92.242],[22.054,-7.806],[-160.329,-87.601]],"o":[[-54.499,-29.801],[-1.356,-6.133],[-21.054,25.806],[0,0]],"v":[[483.499,369.801],[471.481,205.258],[423.054,188.194],[458.329,411.601]],"c":true}]},{"i":{"x":0.833,"y":0.833},"o":{"x":0.167,"y":0.167},"t":20,"s":[{"i":[[-9.624,12.574],[-41.106,60.617],[16.804,-2.494],[-7.829,-139.851]],"o":[[-11.624,-150.176],[-1.356,-6.133],[-33.804,31.494],[0,0]],"v":[[389.624,429.176],[470.606,203.383],[421.804,187.506],[339.829,435.851]],"c":true}]},{"i":{"x":0.833,"y":0.833},"o":{"x":0.167,"y":0.167},"t":30,"s":[{"i":[[-12.249,5.449],[-30.606,45.617],[4.804,-5.994],[-0.829,-153.601]],"o":[[3.251,-159.051],[-1.356,-6.133],[-18.804,13.994],[0,0]],"v":[[392.249,456.551],[470.606,201.383],[421.804,188.006],[350.329,456.101]],"c":true}]},{"i":{"x":0.833,"y":0.833},"o":{"x":0.167,"y":0.167},"t":40,"s":[{"i":[[-12.249,5.449],[-20.106,85.617],[6.946,0.306],[1.046,-131.601]],"o":[[1.876,-106.176],[-1.356,-6.133],[-1.304,43.994],[0,0]],"v":[[458.624,454.676],[470.606,201.383],[418.804,186.006],[414.954,455.601]],"c":true}]},{"i":{"x":0.833,"y":0.833},"o":{"x":0.167,"y":0.167},"t":50,"s":[{"i":[[-16.624,16.824],[-18.856,89.867],[6.946,0.306],[-56.454,-91.351]],"o":[[-48.124,-83.426],[-1.356,-6.133],[-6.804,50.994],[0,0]],"v":[[531.124,425.926],[472.856,201.133],[418.804,186.006],[486.454,446.601]],"c":true}]},{"i":{"x":0.833,"y":0.833},"o":{"x":0.167,"y":0.167},"t":60,"s":[{"i":[[-16.624,16.824],[-18.356,108.867],[6.946,0.306],[-105.954,-86.851]],"o":[[-73.749,-74.863],[-1.356,-6.133],[-12.804,63.994],[0,0]],"v":[[560.749,417.363],[472.856,201.133],[418.804,186.006],[522.954,449.101]],"c":true}]},{"i":{"x":0.833,"y":0.833},"o":{"x":0.167,"y":0.167},"t":70,"s":[{"i":[[-11.98,21.765],[-27.728,133.274],[0,0],[-137.155,-96.866]],"o":[[0,0],[0,0],[0,0],[0,0]],"v":[[541.749,397.551],[464.356,201.133],[418.054,209.194],[514.829,430.601]],"c":true}]},{"i":{"x":0.833,"y":0.833},"o":{"x":0.167,"y":0.167},"t":80,"s":[{"i":[[4.001,26.199],[-92.481,92.242],[22.054,-7.806],[-160.329,-87.601]],"o":[[-54.499,-29.801],[-1.356,-6.133],[-21.054,25.806],[0,0]],"v":[[483.499,369.801],[471.481,205.258],[423.054,188.194],[458.329,411.601]],"c":true}]},{"i":{"x":0.833,"y":0.833},"o":{"x":0.167,"y":0.167},"t":90,"s":[{"i":[[-9.624,12.574],[-41.106,60.617],[16.804,-2.494],[-7.829,-139.851]],"o":[[-11.624,-150.176],[-1.356,-6.133],[-33.804,31.494],[0,0]],"v":[[389.624,429.176],[470.606,203.383],[421.804,187.506],[339.829,435.851]],"c":true}]},{"i":{"x":0.833,"y":0.833},"o":{"x":0.167,"y":0.167},"t":100,"s":[{"i":[[-12.249,5.449],[-30.606,45.617],[4.804,-5.994],[-0.829,-153.601]],"o":[[3.251,-159.051],[-1.356,-6.133],[-18.804,13.994],[0,0]],"v":[[392.249,456.551],[470.606,201.383],[421.804,188.006],[350.329,456.101]],"c":true}]},{"i":{"x":0.833,"y":0.833},"o":{"x":0.167,"y":0.167},"t":110,"s":[{"i":[[-12.249,5.449],[-20.106,85.617],[6.946,0.306],[1.046,-131.601]],"o":[[1.876,-106.176],[-1.356,-6.133],[-1.304,43.994],[0,0]],"v":[[458.624,454.676],[470.606,201.383],[418.804,186.006],[414.954,455.601]],"c":true}]},{"i":{"x":0.833,"y":0.833},"o":{"x":0.167,"y":0.167},"t":120,"s":[{"i":[[-16.624,16.824],[-18.856,89.867],[6.946,0.306],[-56.454,-91.351]],"o":[[-48.124,-83.426],[-1.356,-6.133],[-6.804,50.994],[0,0]],"v":[[531.124,425.926],[472.856,201.133],[418.804,186.006],[486.454,446.601]],"c":true}]},{"i":{"x":0.833,"y":0.833},"o":{"x":0.167,"y":0.167},"t":130,"s":[{"i":[[-16.624,16.824],[-18.356,108.867],[6.946,0.306],[-105.954,-86.851]],"o":[[-73.749,-74.863],[-1.356,-6.133],[-12.804,63.994],[0,0]],"v":[[560.749,417.363],[472.856,201.133],[418.804,186.006],[522.954,449.101]],"c":true}]},{"t":140,"s":[{"i":[[-11.98,21.765],[-27.728,133.274],[0,0],[-137.155,-96.866]],"o":[[0,0],[0,0],[0,0],[0,0]],"v":[[541.749,397.551],[464.356,201.133],[418.054,209.194],[514.829,430.601]],"c":true}]}],"ix":2},"nm":"Path 1","mn":"ADBE Vector Shape - Group","hd":false},{"ty":"fl","c":{"a":0,"k":[0.270999983245,0.250999989229,0.337000020345,1],"ix":4},"o":{"a":0,"k":100,"ix":5},"r":1,"bm":0,"nm":"Fill 1","mn":"ADBE Vector Graphic - Fill","hd":false}],"ip":0,"op":140,"st":0,"bm":0},{"ddd":0,"ind":9,"ty":4,"nm":"shoe-R Outlines","parent":8,"sr":1,"ks":{"o":{"a":0,"k":100,"ix":11},"r":{"a":1,"k":[{"i":{"x":[0.833],"y":[0.833]},"o":{"x":[0.167],"y":[0.167]},"t":0,"s":[0]},{"i":{"x":[0.833],"y":[0.833]},"o":{"x":[0.167],"y":[0.167]},"t":10,"s":[4]},{"i":{"x":[0.833],"y":[0.833]},"o":{"x":[0.167],"y":[0.167]},"t":20,"s":[48]},{"i":{"x":[0.833],"y":[0.833]},"o":{"x":[0.167],"y":[0.167]},"t":30,"s":[54]},{"i":{"x":[0.833],"y":[0.833]},"o":{"x":[0.167],"y":[0.167]},"t":40,"s":[54]},{"i":{"x":[0.833],"y":[0.833]},"o":{"x":[0.167],"y":[0.167]},"t":50,"s":[29]},{"i":{"x":[0.833],"y":[0.833]},"o":{"x":[0.167],"y":[0.167]},"t":60,"s":[9]},{"i":{"x":[0.833],"y":[0.833]},"o":{"x":[0.167],"y":[0.167]},"t":70,"s":[0]},{"i":{"x":[0.833],"y":[0.833]},"o":{"x":[0.167],"y":[0.167]},"t":80,"s":[4]},{"i":{"x":[0.833],"y":[0.833]},"o":{"x":[0.167],"y":[0.167]},"t":90,"s":[48]},{"i":{"x":[0.833],"y":[0.833]},"o":{"x":[0.167],"y":[0.167]},"t":100,"s":[54]},{"i":{"x":[0.833],"y":[0.833]},"o":{"x":[0.167],"y":[0.167]},"t":110,"s":[54]},{"i":{"x":[0.833],"y":[0.833]},"o":{"x":[0.167],"y":[0.167]},"t":120,"s":[29]},{"i":{"x":[0.833],"y":[0.833]},"o":{"x":[0.167],"y":[0.167]},"t":130,"s":[9]},{"t":140,"s":[0]}],"ix":10},"p":{"a":1,"k":[{"i":{"x":0.833,"y":0.833},"o":{"x":0.167,"y":0.167},"t":0,"s":[531.117,411.793,0],"to":[-10,-3.833,0],"ti":[27,-3.333,0]},{"i":{"x":0.833,"y":0.833},"o":{"x":0.167,"y":0.167},"t":10,"s":[471.117,388.793,0],"to":[-27,3.333,0],"ti":[15.667,-11.167,0]},{"i":{"x":0.833,"y":0.833},"o":{"x":0.167,"y":0.167},"t":20,"s":[369.117,431.793,0],"to":[-15.667,11.167,0],"ti":[-12.167,-4,0]},{"i":{"x":0.833,"y":0.833},"o":{"x":0.167,"y":0.167},"t":30,"s":[377.117,455.793,0],"to":[12.167,4,0],"ti":[-22.583,3.25,0]},{"i":{"x":0.833,"y":0.833},"o":{"x":0.167,"y":0.167},"t":40,"s":[442.117,455.793,0],"to":[22.583,-3.25,0],"ti":[-16.75,4.667,0]},{"i":{"x":0.833,"y":0.833},"o":{"x":0.167,"y":0.167},"t":50,"s":[512.617,436.293,0],"to":[16.75,-4.667,0],"ti":[-3.083,4.083,0]},{"i":{"x":0.833,"y":0.833},"o":{"x":0.167,"y":0.167},"t":60,"s":[542.617,427.793,0],"to":[3.083,-4.083,0],"ti":[11.917,6.5,0]},{"i":{"x":0.833,"y":0.833},"o":{"x":0.167,"y":0.167},"t":70,"s":[531.117,411.793,0],"to":[-11.917,-6.5,0],"ti":[27,-3.333,0]},{"i":{"x":0.833,"y":0.833},"o":{"x":0.167,"y":0.167},"t":80,"s":[471.117,388.793,0],"to":[-27,3.333,0],"ti":[15.667,-11.167,0]},{"i":{"x":0.833,"y":0.833},"o":{"x":0.167,"y":0.167},"t":90,"s":[369.117,431.793,0],"to":[-15.667,11.167,0],"ti":[-12.167,-4,0]},{"i":{"x":0.833,"y":0.833},"o":{"x":0.167,"y":0.167},"t":100,"s":[377.117,455.793,0],"to":[12.167,4,0],"ti":[-22.583,3.25,0]},{"i":{"x":0.833,"y":0.833},"o":{"x":0.167,"y":0.167},"t":110,"s":[442.117,455.793,0],"to":[22.583,-3.25,0],"ti":[-16.75,4.667,0]},{"i":{"x":0.833,"y":0.833},"o":{"x":0.167,"y":0.167},"t":120,"s":[512.617,436.293,0],"to":[16.75,-4.667,0],"ti":[-3.083,4.083,0]},{"i":{"x":0.833,"y":0.833},"o":{"x":0.167,"y":0.167},"t":130,"s":[542.617,427.793,0],"to":[3.083,-4.083,0],"ti":[1.917,2.667,0]},{"t":140,"s":[531.117,411.793,0]}],"ix":2},"a":{"a":0,"k":[531.117,411.793,0],"ix":1},"s":{"a":0,"k":[100,100,100],"ix":6}},"ao":0,"shapes":[{"ty":"gr","it":[{"ind":0,"ty":"sh","ix":1,"ks":{"a":0,"k":{"i":[[0,0],[0,0],[0,0],[0,0]],"o":[[0,0],[0,0],[0,0],[0,0]],"v":[[2.482,-0.091],[-1.96,1.522],[-2.482,0.09],[1.96,-1.522]],"c":true},"ix":2},"nm":"Path 1","mn":"ADBE Vector Shape - Group","hd":false},{"ty":"fl","c":{"a":0,"k":[0.991999966491,0.337000020345,0.19199999641,1],"ix":4},"o":{"a":0,"k":100,"ix":5},"r":1,"bm":0,"nm":"Fill 1","mn":"ADBE Vector Graphic - Fill","hd":false},{"ty":"tr","p":{"a":0,"k":[541.012,449.008],"ix":2},"a":{"a":0,"k":[0,0],"ix":1},"s":{"a":0,"k":[100,100],"ix":3},"r":{"a":0,"k":0,"ix":6},"o":{"a":0,"k":100,"ix":7},"sk":{"a":0,"k":0,"ix":4},"sa":{"a":0,"k":0,"ix":5},"nm":"Transform"}],"nm":"Group 1","np":4,"cix":2,"bm":0,"ix":1,"mn":"ADBE Vector Group","hd":false},{"ty":"gr","it":[{"ind":0,"ty":"sh","ix":1,"ks":{"a":0,"k":{"i":[[0,0],[0,0],[0,0],[0,0]],"o":[[0,0],[0,0],[0,0],[0,0]],"v":[[2.482,-0.089],[-1.96,1.522],[-2.482,0.092],[1.96,-1.521]],"c":true},"ix":2},"nm":"Path 1","mn":"ADBE Vector Shape - Group","hd":false},{"ty":"fl","c":{"a":0,"k":[0.991999966491,0.337000020345,0.19199999641,1],"ix":4},"o":{"a":0,"k":100,"ix":5},"r":1,"bm":0,"nm":"Fill 1","mn":"ADBE Vector Graphic - Fill","hd":false},{"ty":"tr","p":{"a":0,"k":[540.2,454.784],"ix":2},"a":{"a":0,"k":[0,0],"ix":1},"s":{"a":0,"k":[100,100],"ix":3},"r":{"a":0,"k":0,"ix":6},"o":{"a":0,"k":100,"ix":7},"sk":{"a":0,"k":0,"ix":4},"sa":{"a":0,"k":0,"ix":5},"nm":"Transform"}],"nm":"Group 2","np":4,"cix":2,"bm":0,"ix":2,"mn":"ADBE Vector Group","hd":false},{"ty":"gr","it":[{"ind":0,"ty":"sh","ix":1,"ks":{"a":0,"k":{"i":[[0,0],[0,0],[0,0],[0,0]],"o":[[0,0],[0,0],[0,0],[0,0]],"v":[[16.773,-22.127],[-15.531,23.014],[-16.773,22.129],[15.531,-23.014]],"c":true},"ix":2},"nm":"Path 1","mn":"ADBE Vector Shape - Group","hd":false},{"ty":"fl","c":{"a":0,"k":[0.991999966491,0.337000020345,0.19199999641,1],"ix":4},"o":{"a":0,"k":100,"ix":5},"r":1,"bm":0,"nm":"Fill 1","mn":"ADBE Vector Graphic - Fill","hd":false},{"ty":"tr","p":{"a":0,"k":[552.249,448.201],"ix":2},"a":{"a":0,"k":[0,0],"ix":1},"s":{"a":0,"k":[100,100],"ix":3},"r":{"a":0,"k":0,"ix":6},"o":{"a":0,"k":100,"ix":7},"sk":{"a":0,"k":0,"ix":4},"sa":{"a":0,"k":0,"ix":5},"nm":"Transform"}],"nm":"Group 3","np":4,"cix":2,"bm":0,"ix":3,"mn":"ADBE Vector Group","hd":false},{"ty":"gr","it":[{"ind":0,"ty":"sh","ix":1,"ks":{"a":0,"k":{"i":[[0,0],[0,0],[0,0],[0,0],[-0.271,2.553],[0,0]],"o":[[0,0],[0,0],[0,0],[-1.481,2.149],[0,0],[0,0]],"v":[[-20.795,-8.464],[-4.107,-31.84],[20.795,-14.912],[-10.969,29.692],[-15.545,27.945],[-11.643,-1.612]],"c":true},"ix":2},"nm":"Path 1","mn":"ADBE Vector Shape - Group","hd":false},{"ty":"fl","c":{"a":0,"k":[0.122000002394,0.105999995213,0.176000004189,1],"ix":4},"o":{"a":0,"k":100,"ix":5},"r":1,"bm":0,"nm":"Fill 1","mn":"ADBE Vector Graphic - Fill","hd":false},{"ty":"tr","p":{"a":0,"k":[551.913,443.633],"ix":2},"a":{"a":0,"k":[0,0],"ix":1},"s":{"a":0,"k":[100,100],"ix":3},"r":{"a":0,"k":0,"ix":6},"o":{"a":0,"k":100,"ix":7},"sk":{"a":0,"k":0,"ix":4},"sa":{"a":0,"k":0,"ix":5},"nm":"Transform"}],"nm":"Group 4","np":4,"cix":2,"bm":0,"ix":4,"mn":"ADBE Vector Group","hd":false},{"ty":"gr","it":[{"ind":0,"ty":"sh","ix":1,"ks":{"a":0,"k":{"i":[[0,0],[0,0],[0,0],[0,0]],"o":[[0,0],[0,0],[0,0],[0,0]],"v":[[-14.065,3.493],[3.567,15.987],[14.065,-2.955],[-4.105,-15.987]],"c":true},"ix":2},"nm":"Path 1","mn":"ADBE Vector Shape - Group","hd":false},{"ty":"fl","c":{"a":0,"k":[0.936999990426,0.620000023935,0.481999984442,1],"ix":4},"o":{"a":0,"k":100,"ix":5},"r":1,"bm":0,"nm":"Fill 1","mn":"ADBE Vector Graphic - Fill","hd":false},{"ty":"tr","p":{"a":0,"k":[533.066,417.57],"ix":2},"a":{"a":0,"k":[0,0],"ix":1},"s":{"a":0,"k":[100,100],"ix":3},"r":{"a":0,"k":0,"ix":6},"o":{"a":0,"k":100,"ix":7},"sk":{"a":0,"k":0,"ix":4},"sa":{"a":0,"k":0,"ix":5},"nm":"Transform"}],"nm":"Group 5","np":2,"cix":2,"bm":0,"ix":5,"mn":"ADBE Vector Group","hd":false}],"ip":0,"op":140,"st":0,"bm":0},{"ddd":0,"ind":10,"ty":4,"nm":"hand-R Outlines","parent":4,"sr":1,"ks":{"o":{"a":0,"k":100,"ix":11},"r":{"a":0,"k":0,"ix":10},"p":{"a":0,"k":[455.406,120.08,0],"ix":2},"a":{"a":0,"k":[455.406,120.08,0],"ix":1},"s":{"a":0,"k":[100,100,100],"ix":6}},"ao":0,"shapes":[{"ty":"gr","it":[{"ind":0,"ty":"sh","ix":1,"ks":{"a":0,"k":{"i":[[0,0],[0,0],[-1.211,-2.955],[-0.942,-0.403],[0,0],[0,0]],"o":[[0,0],[-3.096,-0.537],[0.404,0.941],[0,0],[0,0],[0,0]],"v":[[4.711,-5.71],[-2.692,-6.785],[-6.999,-1.277],[-4.98,0.873],[8.21,7.322],[6.326,-1.142]],"c":true},"ix":2},"nm":"Path 1","mn":"ADBE Vector Shape - Group","hd":false},{"ty":"fl","c":{"a":0,"k":[0.936999990426,0.620000023935,0.481999984442,1],"ix":4},"o":{"a":0,"k":100,"ix":5},"r":1,"bm":0,"nm":"Fill 1","mn":"ADBE Vector Graphic - Fill","hd":false},{"ty":"tr","p":{"a":0,"k":[328.408,118.979],"ix":2},"a":{"a":0,"k":[0,0],"ix":1},"s":{"a":0,"k":[100,100],"ix":3},"r":{"a":0,"k":0,"ix":6},"o":{"a":0,"k":100,"ix":7},"sk":{"a":0,"k":0,"ix":4},"sa":{"a":0,"k":0,"ix":5},"nm":"Transform"}],"nm":"Group 1","np":4,"cix":2,"bm":0,"ix":1,"mn":"ADBE Vector Group","hd":false},{"ty":"gr","it":[{"ind":0,"ty":"sh","ix":1,"ks":{"a":0,"k":{"i":[[-0.404,-0.538],[0,0],[-0.673,0.134],[0,0],[0.538,0.671],[0,0],[1.211,0],[0,0]],"o":[[0,0],[0.538,0.537],[0,0],[0.943,0],[0,0],[-0.808,-0.94],[0,0],[-0.672,0.134]],"v":[[-20.66,-17.331],[9.49,18.003],[11.374,18.809],[19.583,18.674],[20.526,16.794],[-8.951,-17.466],[-12.181,-18.943],[-20.122,-18.809]],"c":true},"ix":2},"nm":"Path 1","mn":"ADBE Vector Shape - Group","hd":false},{"ty":"fl","c":{"a":0,"k":[0.969000004787,0.957000014361,0.929000016755,1],"ix":4},"o":{"a":0,"k":100,"ix":5},"r":1,"bm":0,"nm":"Fill 1","mn":"ADBE Vector Graphic - Fill","hd":false},{"ty":"tr","p":{"a":0,"k":[318.114,114.747],"ix":2},"a":{"a":0,"k":[0,0],"ix":1},"s":{"a":0,"k":[100,100],"ix":3},"r":{"a":0,"k":0,"ix":6},"o":{"a":0,"k":100,"ix":7},"sk":{"a":0,"k":0,"ix":4},"sa":{"a":0,"k":0,"ix":5},"nm":"Transform"}],"nm":"Group 2","np":4,"cix":2,"bm":0,"ix":2,"mn":"ADBE Vector Group","hd":false},{"ty":"gr","it":[{"ind":0,"ty":"sh","ix":1,"ks":{"a":0,"k":{"i":[[-0.673,-0.806],[0,0],[-1.077,0],[0,0],[0.808,0.807],[0,0],[1.346,0],[0,0]],"o":[[0,0],[0.673,0.806],[0,0],[1.077,0],[0,0],[-0.942,-1.076],[0,0],[-1.211,0]],"v":[[-25.775,-18.943],[7.47,20.018],[10.163,21.227],[24.699,21.093],[25.641,18.943],[-7.604,-19.614],[-11.238,-21.227],[-24.698,-21.092]],"c":true},"ix":2},"nm":"Path 1","mn":"ADBE Vector Shape - Group","hd":false},{"ty":"fl","c":{"a":0,"k":[0.122000002394,0.105999995213,0.176000004189,1],"ix":4},"o":{"a":0,"k":100,"ix":5},"r":1,"bm":0,"nm":"Fill 1","mn":"ADBE Vector Graphic - Fill","hd":false},{"ty":"tr","p":{"a":0,"k":[317.308,115.015],"ix":2},"a":{"a":0,"k":[0,0],"ix":1},"s":{"a":0,"k":[100,100],"ix":3},"r":{"a":0,"k":0,"ix":6},"o":{"a":0,"k":100,"ix":7},"sk":{"a":0,"k":0,"ix":4},"sa":{"a":0,"k":0,"ix":5},"nm":"Transform"}],"nm":"Group 3","np":4,"cix":2,"bm":0,"ix":3,"mn":"ADBE Vector Group","hd":false},{"ty":"gr","it":[{"ind":0,"ty":"sh","ix":1,"ks":{"a":0,"k":{"i":[[0,0],[0,0],[-0.539,-0.538],[0,0],[-1.346,0.134],[0,0],[-0.673,1.747],[0,0]],"o":[[0,0],[0,0.806],[0,0],[0.807,1.075],[0,0],[1.481,0],[0,0],[0,0]],"v":[[-26.179,-21.63],[-26.045,-19.212],[-25.237,-17.196],[5.182,19.212],[9.085,21.496],[22.41,21.093],[26.179,17.868],[-13.931,-20.555]],"c":true},"ix":2},"nm":"Path 1","mn":"ADBE Vector Shape - Group","hd":false},{"ty":"fl","c":{"a":0,"k":[0.122000002394,0.105999995213,0.176000004189,1],"ix":4},"o":{"a":0,"k":100,"ix":5},"r":1,"bm":0,"nm":"Fill 1","mn":"ADBE Vector Graphic - Fill","hd":false},{"ty":"tr","p":{"a":0,"k":[317.446,116.762],"ix":2},"a":{"a":0,"k":[0,0],"ix":1},"s":{"a":0,"k":[100,100],"ix":3},"r":{"a":0,"k":0,"ix":6},"o":{"a":0,"k":100,"ix":7},"sk":{"a":0,"k":0,"ix":4},"sa":{"a":0,"k":0,"ix":5},"nm":"Transform"}],"nm":"Group 4","np":4,"cix":2,"bm":0,"ix":4,"mn":"ADBE Vector Group","hd":false},{"ty":"gr","it":[{"ind":0,"ty":"sh","ix":1,"ks":{"a":0,"k":{"i":[[0,0],[0,0],[0,0],[0,0],[1.077,0.672],[1.615,0.134],[0.135,-2.821],[3.365,13.032],[2.827,-0.672],[0.134,-2.015],[0,0],[1.481,-0.403],[0.269,-1.747],[0,0],[0.673,-0.268],[0.269,-1.747],[-0.134,-0.538],[0,-0.134],[0,0],[0.134,-1.747],[-0.134,-0.538],[-1.346,-2.821],[0,0],[-0.808,-1.209],[-12.248,-3.09]],"o":[[0,0],[0,0],[0,0],[-0.538,-1.075],[-2.423,-1.612],[-2.827,-0.269],[-2.961,0],[-0.673,-2.821],[-4.172,1.075],[0,0],[-0.943,-0.941],[-1.749,0.403],[0,0],[-0.673,-0.134],[-1.75,0.403],[0,0.537],[0,0.134],[0,0],[-1.75,0.403],[0,0.537],[0.943,3.627],[0,0],[0.673,1.343],[4.307,6.852],[16.017,3.627]],"v":[[21.334,7.456],[20.795,2.486],[22.949,3.426],[16.219,-10.143],[13.796,-12.965],[7.874,-14.039],[5.855,-10.681],[-6.528,-22.369],[-12.989,-26.131],[-10.027,-25.056],[-10.027,-24.787],[-13.931,-25.728],[-17.161,-22.1],[-17.161,-21.429],[-19.18,-21.429],[-22.41,-17.801],[-22.276,-16.323],[-22.141,-15.786],[-22.41,-15.786],[-24.429,-12.83],[-24.295,-11.352],[-21.064,-3.426],[-20.93,-3.291],[-18.776,0.336],[8.412,23.444]],"c":true},"ix":2},"nm":"Path 1","mn":"ADBE Vector Shape - Group","hd":false},{"ty":"fl","c":{"a":0,"k":[0.936999990426,0.620000023935,0.481999984442,1],"ix":4},"o":{"a":0,"k":100,"ix":5},"r":1,"bm":0,"nm":"Fill 1","mn":"ADBE Vector Graphic - Fill","hd":false},{"ty":"tr","p":{"a":0,"k":[322.149,127.308],"ix":2},"a":{"a":0,"k":[0,0],"ix":1},"s":{"a":0,"k":[100,100],"ix":3},"r":{"a":0,"k":0,"ix":6},"o":{"a":0,"k":100,"ix":7},"sk":{"a":0,"k":0,"ix":4},"sa":{"a":0,"k":0,"ix":5},"nm":"Transform"}],"nm":"Group 5","np":4,"cix":2,"bm":0,"ix":5,"mn":"ADBE Vector Group","hd":false},{"ty":"gr","it":[{"ind":0,"ty":"sh","ix":1,"ks":{"a":0,"k":{"i":[[0,0],[11.917,-4.103],[0,0],[-6.34,6.846]],"o":[[-13.991,15.71],[0,0],[6.014,-3.576],[0,0]],"v":[[21.75,-2.491],[-21.749,27.883],[-21.202,-6.17],[3.265,-27.884]],"c":true},"ix":2},"nm":"Path 1","mn":"ADBE Vector Shape - Group","hd":false},{"ty":"fl","c":{"a":0,"k":[0,0,0,1],"ix":4},"o":{"a":0,"k":10,"ix":5},"r":1,"bm":0,"nm":"Fill 1","mn":"ADBE Vector Graphic - Fill","hd":false},{"ty":"tr","p":{"a":0,"k":[431.076,147.963],"ix":2},"a":{"a":0,"k":[0,0],"ix":1},"s":{"a":0,"k":[100,100],"ix":3},"r":{"a":0,"k":0,"ix":6},"o":{"a":0,"k":100,"ix":7},"sk":{"a":0,"k":0,"ix":4},"sa":{"a":0,"k":0,"ix":5},"nm":"Transform"}],"nm":"Group 6","np":4,"cix":2,"bm":0,"ix":6,"mn":"ADBE Vector Group","hd":false},{"ty":"gr","it":[{"ind":0,"ty":"sh","ix":1,"ks":{"a":0,"k":{"i":[[2.423,0],[20.728,19.884],[-5.922,6.18],[-6.191,-5.777],[-15.21,1.881],[-0.269,0.269],[-7.268,-4.433],[4.441,-7.121],[42.937,-5.508]],"o":[[-22.343,0.537],[-6.192,-5.911],[5.923,-6.18],[16.017,15.315],[28.265,-3.493],[4.442,-7.12],[7.27,4.434],[-1.077,1.747],[-2.692,0.403]],"v":[[-4.038,37.685],[-72.547,1.948],[-69.452,-13.099],[-47.647,-13.636],[-0.538,6.516],[37.585,-27.687],[58.851,-32.658],[63.832,-11.565],[3.634,37.013]],"c":true},"ix":2},"nm":"Path 1","mn":"ADBE Vector Shape - Group","hd":false},{"ty":"fl","c":{"a":0,"k":[0.936999990426,0.620000023935,0.481999984442,1],"ix":4},"o":{"a":0,"k":100,"ix":5},"r":1,"bm":0,"nm":"Fill 1","mn":"ADBE Vector Graphic - Fill","hd":false},{"ty":"tr","p":{"a":0,"k":[390.726,142.355],"ix":2},"a":{"a":0,"k":[0,0],"ix":1},"s":{"a":0,"k":[100,100],"ix":3},"r":{"a":0,"k":0,"ix":6},"o":{"a":0,"k":100,"ix":7},"sk":{"a":0,"k":0,"ix":4},"sa":{"a":0,"k":0,"ix":5},"nm":"Transform"}],"nm":"Group 7","np":4,"cix":2,"bm":0,"ix":7,"mn":"ADBE Vector Group","hd":false}],"ip":0,"op":140,"st":0,"bm":0},{"ddd":0,"ind":11,"ty":0,"nm":"BG","refId":"comp_1","sr":1,"ks":{"o":{"a":0,"k":100,"ix":11},"r":{"a":0,"k":0,"ix":10},"p":{"a":0,"k":[428,250.5,0],"ix":2},"a":{"a":0,"k":[428,250.5,0],"ix":1},"s":{"a":0,"k":[100,100,100],"ix":6}},"ao":0,"w":856,"h":501,"ip":0,"op":300,"st":0,"bm":0}],"markers":[]}